blinded_case_id,domain,gene,variant_identifier,target_context,arrhythmia_high_value_gene,sads_cpvt_priority,expert_reviewer_N_expected,expert_reviewer_N_completed,portable_yes_N,portable_no_N,consensus_portable_without_additional_interpretation,consensus_rule,consensus_short_rationale
CABCASE_EE58079779,hereditary_cancer,MSH6,CANCER_1456457,direct reuse in the stated baseline disease context,False,False,3,,,,,majority_yes_no; tie_or_low_confidence_goes_to_panel_resolution,
CABCASE_0552D30386,hereditary_cancer,ATM,CANCER_1400987,direct reuse in the stated baseline disease context,False,False,3,,,,,majority_yes_no; tie_or_low_confidence_goes_to_panel_resolution,
CABCASE_4DADD826D5,hereditary_cancer,APC,CANCER_449336,direct reuse in the stated baseline disease context,False,False,3,,,,,majority_yes_no; tie_or_low_confidence_goes_to_panel_resolution,
CABCASE_DD544E5E7B,hereditary_cancer,CDH1,CANCER_1522673,direct reuse in the stated baseline disease context,False,False,3,,,,,majority_yes_no; tie_or_low_confidence_goes_to_panel_resolution,
CABCASE_5AA963BDFA,hereditary_cancer,BMPR1A,CANCER_978679,direct reuse in the stated baseline disease context,False,False,3,,,,,majority_yes_no; tie_or_low_confidence_goes_to_panel_resolution,
CABCASE_F5C6EB77EF,hereditary_cancer,PTEN,CANCER_625592,direct reuse in the stated baseline disease context,False,False,3,,,,,majority_yes_no; tie_or_low_confidence_goes_to_panel_resolution,
CABCASE_A9BD165D8D,hereditary_cancer,APC,CANCER_971037,direct reuse in the stated baseline disease context,False,False,3,,,,,majority_yes_no; tie_or_low_confidence_goes_to_panel_resolution,
CABCASE_C75C3AE975,hereditary_cancer,APC,CANCER_1012192,direct reuse in the stated baseline disease context,False,False,3,,,,,majority_yes_no; tie_or_low_confidence_goes_to_panel_resolution,
CABCASE_9E84C78DD2,hereditary_cancer,MLH1,CANCER_89799,direct reuse in the stated baseline disease context,False,False,3,,,,,majority_yes_no; tie_or_low_confidence_goes_to_panel_resolution,
CABCASE_3FE04E8F91,hereditary_cancer,PALB2,CANCER_126644,direct reuse in the stated baseline disease context,False,False,3,,,,,majority_yes_no; tie_or_low_confidence_goes_to_panel_resolution,
CABCASE_3AC41252CA,hereditary_cancer,MSH6,CANCER_831701,direct reuse in the stated baseline disease context,False,False,3,,,,,majority_yes_no; tie_or_low_confidence_goes_to_panel_resolution,
CABCASE_6C3974AE63,hereditary_cancer,CHEK2,CANCER_232547,direct reuse in the stated baseline disease context,False,False,3,,,,,majority_yes_no; tie_or_low_confidence_goes_to_panel_resolution,
CABCASE_2919B74687,hereditary_cancer,ATM,CANCER_662776,direct reuse in the stated baseline disease context,False,False,3,,,,,majority_yes_no; tie_or_low_confidence_goes_to_panel_resolution,
CABCASE_FDE6EF6182,hereditary_cancer,MSH2,CANCER_984390,direct reuse in the stated baseline disease context,False,False,3,,,,,majority_yes_no; tie_or_low_confidence_goes_to_panel_resolution,
CABCASE_8F93D69671,hereditary_cancer,PALB2,CANCER_657303,direct reuse in the stated baseline disease context,False,False,3,,,,,majority_yes_no; tie_or_low_confidence_goes_to_panel_resolution,
CABCASE_CD7292F75D,hereditary_cancer,STK11,CANCER_845797,direct reuse in the stated baseline disease context,False,False,3,,,,,majority_yes_no; tie_or_low_confidence_goes_to_panel_resolution,
CABCASE_DC5F1FDE18,hereditary_cancer,ATM,CANCER_1323665,direct reuse in the stated baseline disease context,False,False,3,,,,,majority_yes_no; tie_or_low_confidence_goes_to_panel_resolution,
CABCASE_8131FD8D56,hereditary_cancer,CHEK2,CANCER_959858,direct reuse in the stated baseline disease context,False,False,3,,,,,majority_yes_no; tie_or_low_confidence_goes_to_panel_resolution,
CABCASE_8CA352B7F3,hereditary_cancer,ATM,CANCER_1455576,direct reuse in the stated baseline disease context,False,False,3,,,,,majority_yes_no; tie_or_low_confidence_goes_to_panel_resolution,
CABCASE_CE982E16C8,cardiomyopathy,MYH7,CM_217473,direct reuse in the stated baseline disease context,False,False,3,,,,,majority_yes_no; tie_or_low_confidence_goes_to_panel_resolution,
CABCASE_2A75CEF185,hereditary_cancer,STK11,CANCER_654771,direct reuse in the stated baseline disease context,False,False,3,,,,,majority_yes_no; tie_or_low_confidence_goes_to_panel_resolution,
CABCASE_11A6FAE7AC,cardiomyopathy,MYH7,CM_454357,direct reuse in the stated baseline disease context,False,False,3,,,,,majority_yes_no; tie_or_low_confidence_goes_to_panel_resolution,
CABCASE_0D9C98BCC3,hereditary_cancer,PTEN,CANCER_1458151,direct reuse in the stated baseline disease context,False,False,3,,,,,majority_yes_no; tie_or_low_confidence_goes_to_panel_resolution,
CABCASE_8038C25E7D,hereditary_cancer,APC,CANCER_583455,direct reuse in the stated baseline disease context,False,False,3,,,,,majority_yes_no; tie_or_low_confidence_goes_to_panel_resolution,
CABCASE_5192A6A982,hereditary_cancer,PMS2,CANCER_856141,direct reuse in the stated baseline disease context,False,False,3,,,,,majority_yes_no; tie_or_low_confidence_goes_to_panel_resolution,
CABCASE_7590A136AD,hereditary_cancer,MLH1,CANCER_89935,direct reuse in the stated baseline disease context,False,False,3,,,,,majority_yes_no; tie_or_low_confidence_goes_to_panel_resolution,
CABCASE_92C314C440,hereditary_cancer,PALB2,CANCER_225847,direct reuse in the stated baseline disease context,False,False,3,,,,,majority_yes_no; tie_or_low_confidence_goes_to_panel_resolution,
CABCASE_AB30159B85,hereditary_cancer,ATM,CANCER_833015,direct reuse in the stated baseline disease context,False,False,3,,,,,majority_yes_no; tie_or_low_confidence_goes_to_panel_resolution,
CABCASE_54FB2B7F8E,hereditary_cancer,MSH6,CANCER_455290,direct reuse in the stated baseline disease context,False,False,3,,,,,majority_yes_no; tie_or_low_confidence_goes_to_panel_resolution,
CABCASE_8FDEFF6791,hereditary_cancer,PALB2,CANCER_1698671,direct reuse in the stated baseline disease context,False,False,3,,,,,majority_yes_no; tie_or_low_confidence_goes_to_panel_resolution,
CABCASE_0BE2A5359A,hereditary_cancer,PMS2,CANCER_1395121,direct reuse in the stated baseline disease context,False,False,3,,,,,majority_yes_no; tie_or_low_confidence_goes_to_panel_resolution,
CABCASE_AF88FE90C3,hereditary_cancer,PALB2,CANCER_644238,direct reuse in the stated baseline disease context,False,False,3,,,,,majority_yes_no; tie_or_low_confidence_goes_to_panel_resolution,
CABCASE_75B9485B30,hereditary_cancer,CHEK2,CANCER_417608,direct reuse in the stated baseline disease context,False,False,3,,,,,majority_yes_no; tie_or_low_confidence_goes_to_panel_resolution,
CABCASE_3FF52E655D,hereditary_cancer,MLH1,CANCER_89995,direct reuse in the stated baseline disease context,False,False,3,,,,,majority_yes_no; tie_or_low_confidence_goes_to_panel_resolution,
CABCASE_C48CF8501E,inherited_arrhythmia,KCNH2,ARR_1458716,direct reuse in the stated baseline disease context,True,True,5,,,,,majority_yes_no; tie_or_low_confidence_goes_to_panel_resolution,
CABCASE_1EAF3950A7,hereditary_cancer,APC,CANCER_492661,direct reuse in the stated baseline disease context,False,False,3,,,,,majority_yes_no; tie_or_low_confidence_goes_to_panel_resolution,
CABCASE_FD00262E09,hereditary_cancer,ATM,CANCER_1069643,direct reuse in the stated baseline disease context,False,False,3,,,,,majority_yes_no; tie_or_low_confidence_goes_to_panel_resolution,
CABCASE_AA015A0D33,cardiomyopathy,MYBPC3,CM_517190,direct reuse in the stated baseline disease context,False,False,3,,,,,majority_yes_no; tie_or_low_confidence_goes_to_panel_resolution,
CABCASE_A8EF201DB4,hereditary_cancer,MUTYH,CANCER_587356,direct reuse in the stated baseline disease context,False,False,3,,,,,majority_yes_no; tie_or_low_confidence_goes_to_panel_resolution,
CABCASE_789275FE91,cardiomyopathy,MYH7,CM_1696840,direct reuse in the stated baseline disease context,False,False,3,,,,,majority_yes_no; tie_or_low_confidence_goes_to_panel_resolution,
CABCASE_0F72B1248C,hereditary_cancer,TP53,CANCER_1505744,direct reuse in the stated baseline disease context,False,False,3,,,,,majority_yes_no; tie_or_low_confidence_goes_to_panel_resolution,
CABCASE_073732B808,hereditary_cancer,ATM,CANCER_1067243,direct reuse in the stated baseline disease context,False,False,3,,,,,majority_yes_no; tie_or_low_confidence_goes_to_panel_resolution,
CABCASE_0FDFE7152E,inherited_arrhythmia,KCNH2,ARR_423015,direct reuse in the stated baseline disease context,True,True,5,,,,,majority_yes_no; tie_or_low_confidence_goes_to_panel_resolution,
CABCASE_84E3AA39EE,cardiomyopathy,MYBPC3,CM_1301741,direct reuse in the stated baseline disease context,False,False,3,,,,,majority_yes_no; tie_or_low_confidence_goes_to_panel_resolution,
CABCASE_4F87B55BEA,hereditary_cancer,MSH6,CANCER_1074217,direct reuse in the stated baseline disease context,False,False,3,,,,,majority_yes_no; tie_or_low_confidence_goes_to_panel_resolution,
CABCASE_8513FFBA37,hereditary_cancer,TP53,CANCER_1456557,direct reuse in the stated baseline disease context,False,False,3,,,,,majority_yes_no; tie_or_low_confidence_goes_to_panel_resolution,
CABCASE_EB5691631F,hereditary_cancer,PTEN,CANCER_7841,direct reuse in the stated baseline disease context,False,False,3,,,,,majority_yes_no; tie_or_low_confidence_goes_to_panel_resolution,
CABCASE_669A8A45ED,hereditary_cancer,CHEK2,CANCER_1453185,direct reuse in the stated baseline disease context,False,False,3,,,,,majority_yes_no; tie_or_low_confidence_goes_to_panel_resolution,
CABCASE_C703AA4299,hereditary_cancer,APC,CANCER_469694,direct reuse in the stated baseline disease context,False,False,3,,,,,majority_yes_no; tie_or_low_confidence_goes_to_panel_resolution,
CABCASE_AC4CE907A1,hereditary_cancer,APC,CANCER_1683653,direct reuse in the stated baseline disease context,False,False,3,,,,,majority_yes_no; tie_or_low_confidence_goes_to_panel_resolution,
CABCASE_9CCDCAADF9,hereditary_cancer,ATM,CANCER_524365,reuse after condition-label or disease-model context repair,False,False,3,,,,,majority_yes_no; tie_or_low_confidence_goes_to_panel_resolution,
CABCASE_17264E3055,hereditary_cancer,ATM,CANCER_453500,reuse after condition-label or disease-model context repair,False,False,3,,,,,majority_yes_no; tie_or_low_confidence_goes_to_panel_resolution,
CABCASE_3DEB06B482,inherited_arrhythmia,KCNH2,ARR_519204,reuse after condition-label or disease-model context repair,True,True,5,,,,,majority_yes_no; tie_or_low_confidence_goes_to_panel_resolution,
CABCASE_F746F5BF3F,hereditary_cancer,CHEK2,CANCER_1075895,reuse after condition-label or disease-model context repair,False,False,3,,,,,majority_yes_no; tie_or_low_confidence_goes_to_panel_resolution,
CABCASE_930430F5C2,hereditary_cancer,ATM,CANCER_1071105,reuse after condition-label or disease-model context repair,False,False,3,,,,,majority_yes_no; tie_or_low_confidence_goes_to_panel_resolution,
CABCASE_B009846E08,hereditary_cancer,ATM,CANCER_844899,reuse after condition-label or disease-model context repair,False,False,3,,,,,majority_yes_no; tie_or_low_confidence_goes_to_panel_resolution,
CABCASE_631333B6DA,hereditary_cancer,ATM,CANCER_1698440,reuse after condition-label or disease-model context repair,False,False,3,,,,,majority_yes_no; tie_or_low_confidence_goes_to_panel_resolution,
CABCASE_90410BE8B8,hereditary_cancer,CHEK2,CANCER_585214,reuse after condition-label or disease-model context repair,False,False,3,,,,,majority_yes_no; tie_or_low_confidence_goes_to_panel_resolution,
CABCASE_385F47009E,hereditary_cancer,ATM,CANCER_1069558,reuse after condition-label or disease-model context repair,False,False,3,,,,,majority_yes_no; tie_or_low_confidence_goes_to_panel_resolution,
CABCASE_F953099956,hereditary_cancer,ATM,CANCER_1408971,reuse after condition-label or disease-model context repair,False,False,3,,,,,majority_yes_no; tie_or_low_confidence_goes_to_panel_resolution,
CABCASE_066F20158C,hereditary_cancer,ATM,CANCER_1068285,reuse after condition-label or disease-model context repair,False,False,3,,,,,majority_yes_no; tie_or_low_confidence_goes_to_panel_resolution,
CABCASE_74E5FEA831,hereditary_cancer,ATM,CANCER_1075705,reuse after condition-label or disease-model context repair,False,False,3,,,,,majority_yes_no; tie_or_low_confidence_goes_to_panel_resolution,
CABCASE_7FE2671BA6,hereditary_cancer,PALB2,CANCER_949114,reuse after condition-label or disease-model context repair,False,False,3,,,,,majority_yes_no; tie_or_low_confidence_goes_to_panel_resolution,
CABCASE_12A76D5A02,hereditary_cancer,PALB2,CANCER_142412,reuse after condition-label or disease-model context repair,False,False,3,,,,,majority_yes_no; tie_or_low_confidence_goes_to_panel_resolution,
CABCASE_83B588B6A3,hereditary_cancer,CHEK2,CANCER_419303,reuse after condition-label or disease-model context repair,False,False,3,,,,,majority_yes_no; tie_or_low_confidence_goes_to_panel_resolution,
CABCASE_16481D2E4E,hereditary_cancer,ATM,CANCER_1457253,reuse after condition-label or disease-model context repair,False,False,3,,,,,majority_yes_no; tie_or_low_confidence_goes_to_panel_resolution,
CABCASE_3DF93B4A26,hereditary_cancer,CHEK2,CANCER_460779,reuse after condition-label or disease-model context repair,False,False,3,,,,,majority_yes_no; tie_or_low_confidence_goes_to_panel_resolution,
CABCASE_94017BFEF2,hereditary_cancer,ATM,CANCER_490732,"genotype-first, population, or penetrance-sensitive reuse context",False,False,3,,,,,majority_yes_no; tie_or_low_confidence_goes_to_panel_resolution,
CABCASE_D95794C033,hereditary_cancer,PALB2,CANCER_1073846,reuse after condition-label or disease-model context repair,False,False,3,,,,,majority_yes_no; tie_or_low_confidence_goes_to_panel_resolution,
CABCASE_A38BF4E7B1,hereditary_cancer,ATM,CANCER_646046,reuse after condition-label or disease-model context repair,False,False,3,,,,,majority_yes_no; tie_or_low_confidence_goes_to_panel_resolution,
CABCASE_E2938C131D,hereditary_cancer,CHEK2,CANCER_1471596,reuse after condition-label or disease-model context repair,False,False,3,,,,,majority_yes_no; tie_or_low_confidence_goes_to_panel_resolution,
CABCASE_5CEF365AAD,hereditary_cancer,PALB2,CANCER_231147,"genotype-first, population, or penetrance-sensitive reuse context",False,False,3,,,,,majority_yes_no; tie_or_low_confidence_goes_to_panel_resolution,
CABCASE_50EF300620,hereditary_cancer,CHEK2,CANCER_830653,reuse after condition-label or disease-model context repair,False,False,3,,,,,majority_yes_no; tie_or_low_confidence_goes_to_panel_resolution,
CABCASE_4B0BED0CC9,hereditary_cancer,PALB2,CANCER_482019,reuse after condition-label or disease-model context repair,False,False,3,,,,,majority_yes_no; tie_or_low_confidence_goes_to_panel_resolution,
CABCASE_79B9D99D9B,hereditary_cancer,MUTYH,CANCER_825116,reuse after condition-label or disease-model context repair,False,False,3,,,,,majority_yes_no; tie_or_low_confidence_goes_to_panel_resolution,
CABCASE_EF96F15649,hereditary_cancer,CHEK2,CANCER_665014,reuse after condition-label or disease-model context repair,False,False,3,,,,,majority_yes_no; tie_or_low_confidence_goes_to_panel_resolution,
CABCASE_7F0DB89974,hereditary_cancer,PALB2,CANCER_484222,reuse after condition-label or disease-model context repair,False,False,3,,,,,majority_yes_no; tie_or_low_confidence_goes_to_panel_resolution,
CABCASE_442B7A9C9F,hereditary_cancer,CHEK2,CANCER_955562,reuse after condition-label or disease-model context repair,False,False,3,,,,,majority_yes_no; tie_or_low_confidence_goes_to_panel_resolution,
CABCASE_F2F0A5BA55,inherited_arrhythmia,HCN4,ARR_1675066,reuse after condition-label or disease-model context repair,True,False,5,,,,,majority_yes_no; tie_or_low_confidence_goes_to_panel_resolution,
CABCASE_0F6257FD1C,hereditary_cancer,ATM,CANCER_962266,reuse after condition-label or disease-model context repair,False,False,3,,,,,majority_yes_no; tie_or_low_confidence_goes_to_panel_resolution,
CABCASE_58C4F691F0,hereditary_cancer,ATM,CANCER_1367303,reuse after condition-label or disease-model context repair,False,False,3,,,,,majority_yes_no; tie_or_low_confidence_goes_to_panel_resolution,
CABCASE_226730230F,hereditary_cancer,CHEK2,CANCER_530172,reuse after condition-label or disease-model context repair,False,False,3,,,,,majority_yes_no; tie_or_low_confidence_goes_to_panel_resolution,
CABCASE_4A05305207,hereditary_cancer,PALB2,CANCER_231919,reuse after condition-label or disease-model context repair,False,False,3,,,,,majority_yes_no; tie_or_low_confidence_goes_to_panel_resolution,
CABCASE_11B7F45A29,hereditary_cancer,PALB2,CANCER_1409242,reuse after condition-label or disease-model context repair,False,False,3,,,,,majority_yes_no; tie_or_low_confidence_goes_to_panel_resolution,
CABCASE_8DDE487000,hereditary_cancer,CHEK2,CANCER_187643,reuse after condition-label or disease-model context repair,False,False,3,,,,,majority_yes_no; tie_or_low_confidence_goes_to_panel_resolution,
CABCASE_56FBF83F75,hereditary_cancer,PALB2,CANCER_662943,reuse after condition-label or disease-model context repair,False,False,3,,,,,majority_yes_no; tie_or_low_confidence_goes_to_panel_resolution,
CABCASE_053B7251AE,hereditary_cancer,CHEK2,CANCER_1068607,reuse after condition-label or disease-model context repair,False,False,3,,,,,majority_yes_no; tie_or_low_confidence_goes_to_panel_resolution,
CABCASE_D95CD71EC1,hereditary_cancer,PALB2,CANCER_230176,reuse after condition-label or disease-model context repair,False,False,3,,,,,majority_yes_no; tie_or_low_confidence_goes_to_panel_resolution,
CABCASE_32884D8A58,hereditary_cancer,PALB2,CANCER_487411,reuse after condition-label or disease-model context repair,False,False,3,,,,,majority_yes_no; tie_or_low_confidence_goes_to_panel_resolution,
CABCASE_C1CA520F01,inherited_arrhythmia,KCNH2,ARR_1742024,reuse after condition-label or disease-model context repair,True,True,5,,,,,majority_yes_no; tie_or_low_confidence_goes_to_panel_resolution,
CABCASE_76971F48E7,hereditary_cancer,ATM,CANCER_660416,reuse after condition-label or disease-model context repair,False,False,3,,,,,majority_yes_no; tie_or_low_confidence_goes_to_panel_resolution,
CABCASE_1AFAED86BA,hereditary_cancer,PALB2,CANCER_545769,reuse after condition-label or disease-model context repair,False,False,3,,,,,majority_yes_no; tie_or_low_confidence_goes_to_panel_resolution,
CABCASE_A2855DD758,hereditary_cancer,ATM,CANCER_843704,reuse after condition-label or disease-model context repair,False,False,3,,,,,majority_yes_no; tie_or_low_confidence_goes_to_panel_resolution,
CABCASE_D59BC27358,hereditary_cancer,PALB2,CANCER_1255697,reuse after condition-label or disease-model context repair,False,False,3,,,,,majority_yes_no; tie_or_low_confidence_goes_to_panel_resolution,
CABCASE_6DE2893EE1,inherited_arrhythmia,KCNH2,ARR_917819,reuse after condition-label or disease-model context repair,True,True,5,,,,,majority_yes_no; tie_or_low_confidence_goes_to_panel_resolution,
CABCASE_5FCFB4D4FA,hereditary_cancer,CHEK2,CANCER_530187,reuse after condition-label or disease-model context repair,False,False,3,,,,,majority_yes_no; tie_or_low_confidence_goes_to_panel_resolution,
CABCASE_C922AF7602,hereditary_cancer,PALB2,CANCER_956282,reuse after condition-label or disease-model context repair,False,False,3,,,,,majority_yes_no; tie_or_low_confidence_goes_to_panel_resolution,
CABCASE_6692AC527F,hereditary_cancer,PALB2,CANCER_182739,reuse after condition-label or disease-model context repair,False,False,3,,,,,majority_yes_no; tie_or_low_confidence_goes_to_panel_resolution,
CABCASE_C1559883C5,hereditary_cancer,ATM,CANCER_929442,reuse after condition-label or disease-model context repair,False,False,3,,,,,majority_yes_no; tie_or_low_confidence_goes_to_panel_resolution,
CABCASE_4E6A4F4234,inherited_arrhythmia,CASQ2,ARR_408869,reuse after condition-label or disease-model context repair,True,True,5,,,,,majority_yes_no; tie_or_low_confidence_goes_to_panel_resolution,
CABCASE_8F07D666F6,hereditary_cancer,ATM,CANCER_1763130,"genotype-first, population, or penetrance-sensitive reuse context",False,False,3,,,,,majority_yes_no; tie_or_low_confidence_goes_to_panel_resolution,
CABCASE_6B02BA9607,hereditary_cancer,BRCA2,CANCER_51821,disease-specific interpretive context named by the assertion,False,False,3,,,,,majority_yes_no; tie_or_low_confidence_goes_to_panel_resolution,
CABCASE_1DD981B979,inherited_arrhythmia,RYR2,ARR_568135,disease-specific interpretive context named by the assertion,True,True,5,,,,,majority_yes_no; tie_or_low_confidence_goes_to_panel_resolution,
CABCASE_6094DEAB38,cardiomyopathy,TPM1,CM_31882,disease-specific interpretive context named by the assertion,False,False,3,,,,,majority_yes_no; tie_or_low_confidence_goes_to_panel_resolution,
CABCASE_1EB3A577D7,hereditary_cancer,MSH2,CANCER_1754185,disease-specific interpretive context named by the assertion,False,False,3,,,,,majority_yes_no; tie_or_low_confidence_goes_to_panel_resolution,
CABCASE_028C849C01,hereditary_cancer,BRCA2,CANCER_38228,disease-specific interpretive context named by the assertion,False,False,3,,,,,majority_yes_no; tie_or_low_confidence_goes_to_panel_resolution,
CABCASE_81C3197827,hereditary_cancer,BRCA1,CANCER_37396,disease-specific interpretive context named by the assertion,False,False,3,,,,,majority_yes_no; tie_or_low_confidence_goes_to_panel_resolution,
CABCASE_C25D3AB4EC,hereditary_cancer,BRCA2,CANCER_632696,disease-specific interpretive context named by the assertion,False,False,3,,,,,majority_yes_no; tie_or_low_confidence_goes_to_panel_resolution,
CABCASE_087A7CC376,hereditary_cancer,BRCA2,CANCER_51850,disease-specific interpretive context named by the assertion,False,False,3,,,,,majority_yes_no; tie_or_low_confidence_goes_to_panel_resolution,
CABCASE_21BCE1EAAA,hereditary_cancer,BRCA2,CANCER_51220,disease-specific interpretive context named by the assertion,False,False,3,,,,,majority_yes_no; tie_or_low_confidence_goes_to_panel_resolution,
CABCASE_1882D23B57,hereditary_cancer,BRCA2,CANCER_267099,disease-specific interpretive context named by the assertion,False,False,3,,,,,majority_yes_no; tie_or_low_confidence_goes_to_panel_resolution,
CABCASE_1743DFC927,cardiomyopathy,TTN,CM_1067791,disease-specific interpretive context named by the assertion,False,False,3,,,,,majority_yes_no; tie_or_low_confidence_goes_to_panel_resolution,
CABCASE_4937E6C640,hereditary_cancer,BRCA2,CANCER_568115,disease-specific interpretive context named by the assertion,False,False,3,,,,,majority_yes_no; tie_or_low_confidence_goes_to_panel_resolution,
CABCASE_3828F49C03,cardiomyopathy,TTN,CM_962253,disease-specific interpretive context named by the assertion,False,False,3,,,,,majority_yes_no; tie_or_low_confidence_goes_to_panel_resolution,
CABCASE_C51D42DA58,hereditary_cancer,BRCA2,CANCER_267650,disease-specific interpretive context named by the assertion,False,False,3,,,,,majority_yes_no; tie_or_low_confidence_goes_to_panel_resolution,
CABCASE_65F4D1EB6B,hereditary_cancer,APC,CANCER_1796277,disease-specific interpretive context named by the assertion,False,False,3,,,,,majority_yes_no; tie_or_low_confidence_goes_to_panel_resolution,
CABCASE_3B82B6B05C,hereditary_cancer,MSH2,CANCER_1773204,disease-specific interpretive context named by the assertion,False,False,3,,,,,majority_yes_no; tie_or_low_confidence_goes_to_panel_resolution,
CABCASE_C4249B6031,hereditary_cancer,APC,CANCER_1744527,disease-specific interpretive context named by the assertion,False,False,3,,,,,majority_yes_no; tie_or_low_confidence_goes_to_panel_resolution,
CABCASE_955FC0AEB6,hereditary_cancer,MLH1,CANCER_1785596,disease-specific interpretive context named by the assertion,False,False,3,,,,,majority_yes_no; tie_or_low_confidence_goes_to_panel_resolution,
CABCASE_8ACF796A52,hereditary_cancer,MSH2,CANCER_1750523,disease-specific interpretive context named by the assertion,False,False,3,,,,,majority_yes_no; tie_or_low_confidence_goes_to_panel_resolution,
CABCASE_88D5284A40,cardiomyopathy,TTN,CM_1508786,disease-specific interpretive context named by the assertion,False,False,3,,,,,majority_yes_no; tie_or_low_confidence_goes_to_panel_resolution,
CABCASE_14A2FCB39D,hereditary_cancer,MLH1,CANCER_1756986,disease-specific interpretive context named by the assertion,False,False,3,,,,,majority_yes_no; tie_or_low_confidence_goes_to_panel_resolution,
CABCASE_7891A2101E,hereditary_cancer,MLH1,CANCER_1740204,disease-specific interpretive context named by the assertion,False,False,3,,,,,majority_yes_no; tie_or_low_confidence_goes_to_panel_resolution,
CABCASE_39CC712CED,cardiomyopathy,TTN,CM_684797,disease-specific interpretive context named by the assertion,False,False,3,,,,,majority_yes_no; tie_or_low_confidence_goes_to_panel_resolution,
CABCASE_42259B9A4B,hereditary_cancer,BRCA2,CANCER_38132,disease-specific interpretive context named by the assertion,False,False,3,,,,,majority_yes_no; tie_or_low_confidence_goes_to_panel_resolution,
CABCASE_CD63014D30,hereditary_cancer,BRCA1,CANCER_630808,disease-specific interpretive context named by the assertion,False,False,3,,,,,majority_yes_no; tie_or_low_confidence_goes_to_panel_resolution,
CABCASE_40C2C44E97,cardiomyopathy,LMNA,CM_650718,disease-specific interpretive context named by the assertion,False,False,3,,,,,majority_yes_no; tie_or_low_confidence_goes_to_panel_resolution,
CABCASE_DFC746A2C2,hereditary_cancer,MSH2,CANCER_1772701,disease-specific interpretive context named by the assertion,False,False,3,,,,,majority_yes_no; tie_or_low_confidence_goes_to_panel_resolution,
CABCASE_435FA44879,hereditary_cancer,BRCA2,CANCER_1172174,disease-specific interpretive context named by the assertion,False,False,3,,,,,majority_yes_no; tie_or_low_confidence_goes_to_panel_resolution,
CABCASE_0D91AA637C,hereditary_cancer,ATM,CANCER_1765063,"genotype-first, population, or penetrance-sensitive reuse context",False,False,3,,,,,majority_yes_no; tie_or_low_confidence_goes_to_panel_resolution,
CABCASE_6147E056EE,hereditary_cancer,BRCA1,CANCER_254639,disease-specific interpretive context named by the assertion,False,False,3,,,,,majority_yes_no; tie_or_low_confidence_goes_to_panel_resolution,
CABCASE_95C60C1FD0,hereditary_cancer,BRCA2,CANCER_491255,disease-specific interpretive context named by the assertion,False,False,3,,,,,majority_yes_no; tie_or_low_confidence_goes_to_panel_resolution,
CABCASE_E672007072,hereditary_cancer,BRCA1,CANCER_548213,disease-specific interpretive context named by the assertion,False,False,3,,,,,majority_yes_no; tie_or_low_confidence_goes_to_panel_resolution,
CABCASE_B0EDD2AE64,cardiomyopathy,TTN,CM_165801,disease-specific interpretive context named by the assertion,False,False,3,,,,,majority_yes_no; tie_or_low_confidence_goes_to_panel_resolution,
CABCASE_8295866741,hereditary_cancer,BRCA2,CANCER_266961,disease-specific interpretive context named by the assertion,False,False,3,,,,,majority_yes_no; tie_or_low_confidence_goes_to_panel_resolution,
CABCASE_64F9DD0602,hereditary_cancer,MSH2,CANCER_1778900,disease-specific interpretive context named by the assertion,False,False,3,,,,,majority_yes_no; tie_or_low_confidence_goes_to_panel_resolution,
CABCASE_F07B28EE3C,hereditary_cancer,BRCA2,CANCER_266806,disease-specific interpretive context named by the assertion,False,False,3,,,,,majority_yes_no; tie_or_low_confidence_goes_to_panel_resolution,
CABCASE_0EF4371118,hereditary_cancer,APC,CANCER_1779246,disease-specific interpretive context named by the assertion,False,False,3,,,,,majority_yes_no; tie_or_low_confidence_goes_to_panel_resolution,
CABCASE_5B3908604E,hereditary_cancer,BRCA2,CANCER_51546,disease-specific interpretive context named by the assertion,False,False,3,,,,,majority_yes_no; tie_or_low_confidence_goes_to_panel_resolution,
CABCASE_E2D824E68D,hereditary_cancer,BRCA1,CANCER_267556,disease-specific interpretive context named by the assertion,False,False,3,,,,,majority_yes_no; tie_or_low_confidence_goes_to_panel_resolution,
CABCASE_D66681D7ED,hereditary_cancer,PMS2,CANCER_822197,disease-specific interpretive context named by the assertion,False,False,3,,,,,majority_yes_no; tie_or_low_confidence_goes_to_panel_resolution,
CABCASE_C13DE01204,hereditary_cancer,PMS2,CANCER_91289,disease-specific interpretive context named by the assertion,False,False,3,,,,,majority_yes_no; tie_or_low_confidence_goes_to_panel_resolution,
CABCASE_16800E7EEB,hereditary_cancer,BRCA2,CANCER_126141,disease-specific interpretive context named by the assertion,False,False,3,,,,,majority_yes_no; tie_or_low_confidence_goes_to_panel_resolution,
CABCASE_62AE549408,hereditary_cancer,MLH1,CANCER_1073257,disease-specific interpretive context named by the assertion,False,False,3,,,,,majority_yes_no; tie_or_low_confidence_goes_to_panel_resolution,
CABCASE_3273924172,hereditary_cancer,BRCA2,CANCER_51201,disease-specific interpretive context named by the assertion,False,False,3,,,,,majority_yes_no; tie_or_low_confidence_goes_to_panel_resolution,
CABCASE_227D7A34C0,cardiomyopathy,TTN,CM_466667,disease-specific interpretive context named by the assertion,False,False,3,,,,,majority_yes_no; tie_or_low_confidence_goes_to_panel_resolution,
CABCASE_982F13953C,hereditary_cancer,BRCA2,CANCER_266625,disease-specific interpretive context named by the assertion,False,False,3,,,,,majority_yes_no; tie_or_low_confidence_goes_to_panel_resolution,
CABCASE_DCABC4F1E5,hereditary_cancer,BRCA2,CANCER_51190,disease-specific interpretive context named by the assertion,False,False,3,,,,,majority_yes_no; tie_or_low_confidence_goes_to_panel_resolution,
CABCASE_C7ADD6E3DE,cardiomyopathy,DES,CM_1675841,disease-specific interpretive context named by the assertion,False,False,3,,,,,majority_yes_no; tie_or_low_confidence_goes_to_panel_resolution,
CABCASE_A7EFC3EF6B,hereditary_cancer,BRCA1,CANCER_55117,disease-specific interpretive context named by the assertion,False,False,3,,,,,majority_yes_no; tie_or_low_confidence_goes_to_panel_resolution,
CABCASE_206FC6C382,hereditary_cancer,PALB2,CANCER_480259,"genotype-first, population, or penetrance-sensitive reuse context",False,False,3,,,,,majority_yes_no; tie_or_low_confidence_goes_to_panel_resolution,
CABCASE_C3697A3DC1,hereditary_cancer,ATM,CANCER_558088,"genotype-first, population, or penetrance-sensitive reuse context",False,False,3,,,,,majority_yes_no; tie_or_low_confidence_goes_to_panel_resolution,
CABCASE_2994175951,hereditary_cancer,PALB2,CANCER_530071,"genotype-first, population, or penetrance-sensitive reuse context",False,False,3,,,,,majority_yes_no; tie_or_low_confidence_goes_to_panel_resolution,
CABCASE_08C4B920F3,hereditary_cancer,PALB2,CANCER_1722456,"genotype-first, population, or penetrance-sensitive reuse context",False,False,3,,,,,majority_yes_no; tie_or_low_confidence_goes_to_panel_resolution,
CABCASE_CB27952C61,hereditary_cancer,PALB2,CANCER_1076548,"genotype-first, population, or penetrance-sensitive reuse context",False,False,3,,,,,majority_yes_no; tie_or_low_confidence_goes_to_panel_resolution,
CABCASE_84B9DD1233,hereditary_cancer,CHEK2,CANCER_921230,"genotype-first, population, or penetrance-sensitive reuse context",False,False,3,,,,,majority_yes_no; tie_or_low_confidence_goes_to_panel_resolution,
CABCASE_88C70EFD38,hereditary_cancer,ATM,CANCER_584046,"genotype-first, population, or penetrance-sensitive reuse context",False,False,3,,,,,majority_yes_no; tie_or_low_confidence_goes_to_panel_resolution,
CABCASE_FE365348FE,hereditary_cancer,ATM,CANCER_1749488,"genotype-first, population, or penetrance-sensitive reuse context",False,False,3,,,,,majority_yes_no; tie_or_low_confidence_goes_to_panel_resolution,
CABCASE_956F27D800,hereditary_cancer,ATM,CANCER_1076435,"genotype-first, population, or penetrance-sensitive reuse context",False,False,3,,,,,majority_yes_no; tie_or_low_confidence_goes_to_panel_resolution,
CABCASE_6340EFE7E0,hereditary_cancer,PALB2,CANCER_546012,"genotype-first, population, or penetrance-sensitive reuse context",False,False,3,,,,,majority_yes_no; tie_or_low_confidence_goes_to_panel_resolution,
CABCASE_E37F3283DE,hereditary_cancer,ATM,CANCER_925451,"genotype-first, population, or penetrance-sensitive reuse context",False,False,3,,,,,majority_yes_no; tie_or_low_confidence_goes_to_panel_resolution,
CABCASE_A46DA33125,hereditary_cancer,ATM,CANCER_1412477,"genotype-first, population, or penetrance-sensitive reuse context",False,False,3,,,,,majority_yes_no; tie_or_low_confidence_goes_to_panel_resolution,
CABCASE_02B2B5FD77,hereditary_cancer,ATM,CANCER_630656,"genotype-first, population, or penetrance-sensitive reuse context",False,False,3,,,,,majority_yes_no; tie_or_low_confidence_goes_to_panel_resolution,
CABCASE_5136706EB5,hereditary_cancer,ATM,CANCER_933642,"genotype-first, population, or penetrance-sensitive reuse context",False,False,3,,,,,majority_yes_no; tie_or_low_confidence_goes_to_panel_resolution,
CABCASE_BE35CECCEB,hereditary_cancer,ATM,CANCER_1434250,"genotype-first, population, or penetrance-sensitive reuse context",False,False,3,,,,,majority_yes_no; tie_or_low_confidence_goes_to_panel_resolution,
CABCASE_3F2816F97B,hereditary_cancer,ATM,CANCER_582130,"genotype-first, population, or penetrance-sensitive reuse context",False,False,3,,,,,majority_yes_no; tie_or_low_confidence_goes_to_panel_resolution,
CABCASE_660BEEEFBE,hereditary_cancer,PALB2,CANCER_141330,"genotype-first, population, or penetrance-sensitive reuse context",False,False,3,,,,,majority_yes_no; tie_or_low_confidence_goes_to_panel_resolution,
CABCASE_FD9F1AC720,hereditary_cancer,ATM,CANCER_1501692,"genotype-first, population, or penetrance-sensitive reuse context",False,False,3,,,,,majority_yes_no; tie_or_low_confidence_goes_to_panel_resolution,
CABCASE_5EF2288D61,hereditary_cancer,CHEK2,CANCER_428911,"genotype-first, population, or penetrance-sensitive reuse context",False,False,3,,,,,majority_yes_no; tie_or_low_confidence_goes_to_panel_resolution,
CABCASE_BA9B354951,hereditary_cancer,PALB2,CANCER_492152,"genotype-first, population, or penetrance-sensitive reuse context",False,False,3,,,,,majority_yes_no; tie_or_low_confidence_goes_to_panel_resolution,
CABCASE_572DD7616B,hereditary_cancer,PALB2,CANCER_926385,"genotype-first, population, or penetrance-sensitive reuse context",False,False,3,,,,,majority_yes_no; tie_or_low_confidence_goes_to_panel_resolution,
CABCASE_1DCF21BED0,hereditary_cancer,ATM,CANCER_1764670,"genotype-first, population, or penetrance-sensitive reuse context",False,False,3,,,,,majority_yes_no; tie_or_low_confidence_goes_to_panel_resolution,
CABCASE_DA935A2670,hereditary_cancer,ATM,CANCER_1323665,"genotype-first, population, or penetrance-sensitive reuse context",False,False,3,,,,,majority_yes_no; tie_or_low_confidence_goes_to_panel_resolution,
CABCASE_9051A076C3,hereditary_cancer,ATM,CANCER_665154,"genotype-first, population, or penetrance-sensitive reuse context",False,False,3,,,,,majority_yes_no; tie_or_low_confidence_goes_to_panel_resolution,
CABCASE_F3770A1E0A,hereditary_cancer,ATM,CANCER_1754336,"genotype-first, population, or penetrance-sensitive reuse context",False,False,3,,,,,majority_yes_no; tie_or_low_confidence_goes_to_panel_resolution,
CABCASE_B50FDE9748,hereditary_cancer,PALB2,CANCER_820710,"genotype-first, population, or penetrance-sensitive reuse context",False,False,3,,,,,majority_yes_no; tie_or_low_confidence_goes_to_panel_resolution,
CABCASE_FEC36FB268,hereditary_cancer,PALB2,CANCER_480246,"genotype-first, population, or penetrance-sensitive reuse context",False,False,3,,,,,majority_yes_no; tie_or_low_confidence_goes_to_panel_resolution,
CABCASE_C43B8FBD62,hereditary_cancer,ATM,CANCER_1734510,"genotype-first, population, or penetrance-sensitive reuse context",False,False,3,,,,,majority_yes_no; tie_or_low_confidence_goes_to_panel_resolution,
CABCASE_61FB1F5A17,hereditary_cancer,ATM,CANCER_1072260,"genotype-first, population, or penetrance-sensitive reuse context",False,False,3,,,,,majority_yes_no; tie_or_low_confidence_goes_to_panel_resolution,
CABCASE_B4F2BDDB78,hereditary_cancer,CHEK2,CANCER_409999,"genotype-first, population, or penetrance-sensitive reuse context",False,False,3,,,,,majority_yes_no; tie_or_low_confidence_goes_to_panel_resolution,
CABCASE_F8F26AD223,hereditary_cancer,PALB2,CANCER_803239,"genotype-first, population, or penetrance-sensitive reuse context",False,False,3,,,,,majority_yes_no; tie_or_low_confidence_goes_to_panel_resolution,
CABCASE_5909E7686E,hereditary_cancer,ATM,CANCER_660811,"genotype-first, population, or penetrance-sensitive reuse context",False,False,3,,,,,majority_yes_no; tie_or_low_confidence_goes_to_panel_resolution,
CABCASE_AC46EF906E,hereditary_cancer,CHEK2,CANCER_572230,"genotype-first, population, or penetrance-sensitive reuse context",False,False,3,,,,,majority_yes_no; tie_or_low_confidence_goes_to_panel_resolution,
CABCASE_898DF05DEE,hereditary_cancer,ATM,CANCER_1758793,"genotype-first, population, or penetrance-sensitive reuse context",False,False,3,,,,,majority_yes_no; tie_or_low_confidence_goes_to_panel_resolution,
CABCASE_C3D8C13801,hereditary_cancer,CHEK2,CANCER_186548,"genotype-first, population, or penetrance-sensitive reuse context",False,False,3,,,,,majority_yes_no; tie_or_low_confidence_goes_to_panel_resolution,
CABCASE_C57081F876,hereditary_cancer,ATM,CANCER_267400,"genotype-first, population, or penetrance-sensitive reuse context",False,False,3,,,,,majority_yes_no; tie_or_low_confidence_goes_to_panel_resolution,
CABCASE_760B87A1AF,hereditary_cancer,PALB2,CANCER_965115,"genotype-first, population, or penetrance-sensitive reuse context",False,False,3,,,,,majority_yes_no; tie_or_low_confidence_goes_to_panel_resolution,
CABCASE_67F6958895,hereditary_cancer,PALB2,CANCER_1072292,"genotype-first, population, or penetrance-sensitive reuse context",False,False,3,,,,,majority_yes_no; tie_or_low_confidence_goes_to_panel_resolution,
CABCASE_154CD7305B,hereditary_cancer,ATM,CANCER_1722412,"genotype-first, population, or penetrance-sensitive reuse context",False,False,3,,,,,majority_yes_no; tie_or_low_confidence_goes_to_panel_resolution,
CABCASE_29C7F4F2BC,hereditary_cancer,PALB2,CANCER_126585,"genotype-first, population, or penetrance-sensitive reuse context",False,False,3,,,,,majority_yes_no; tie_or_low_confidence_goes_to_panel_resolution,
CABCASE_4D40E5A83D,hereditary_cancer,PALB2,CANCER_864149,"genotype-first, population, or penetrance-sensitive reuse context",False,False,3,,,,,majority_yes_no; tie_or_low_confidence_goes_to_panel_resolution,
CABCASE_722E92DDCC,hereditary_cancer,ATM,CANCER_407562,"genotype-first, population, or penetrance-sensitive reuse context",False,False,3,,,,,majority_yes_no; tie_or_low_confidence_goes_to_panel_resolution,
CABCASE_140352A2BF,hereditary_cancer,ATM,CANCER_1739211,"genotype-first, population, or penetrance-sensitive reuse context",False,False,3,,,,,majority_yes_no; tie_or_low_confidence_goes_to_panel_resolution,
CABCASE_9158EB74FC,hereditary_cancer,CHEK2,CANCER_830525,"genotype-first, population, or penetrance-sensitive reuse context",False,False,3,,,,,majority_yes_no; tie_or_low_confidence_goes_to_panel_resolution,
CABCASE_AB499A97C5,hereditary_cancer,PALB2,CANCER_141527,"genotype-first, population, or penetrance-sensitive reuse context",False,False,3,,,,,majority_yes_no; tie_or_low_confidence_goes_to_panel_resolution,
CABCASE_B72B9CC690,hereditary_cancer,PALB2,CANCER_410145,"genotype-first, population, or penetrance-sensitive reuse context",False,False,3,,,,,majority_yes_no; tie_or_low_confidence_goes_to_panel_resolution,
CABCASE_67782039E9,hereditary_cancer,CHEK2,CANCER_1772719,"genotype-first, population, or penetrance-sensitive reuse context",False,False,3,,,,,majority_yes_no; tie_or_low_confidence_goes_to_panel_resolution,
CABCASE_4B2F49164C,hereditary_cancer,ATM,CANCER_570427,"genotype-first, population, or penetrance-sensitive reuse context",False,False,3,,,,,majority_yes_no; tie_or_low_confidence_goes_to_panel_resolution,
CABCASE_2E5523FAC7,hereditary_cancer,ATM,CANCER_490449,"genotype-first, population, or penetrance-sensitive reuse context",False,False,3,,,,,majority_yes_no; tie_or_low_confidence_goes_to_panel_resolution,
CABCASE_62E23CB73D,hereditary_cancer,ATM,CANCER_1729781,"genotype-first, population, or penetrance-sensitive reuse context",False,False,3,,,,,majority_yes_no; tie_or_low_confidence_goes_to_panel_resolution,
CABCASE_F50A72965A,inherited_arrhythmia,KCNQ1,ARR_372568,same-variant identity with potentially discordant disease meaning,True,True,5,,,,,majority_yes_no; tie_or_low_confidence_goes_to_panel_resolution,
CABCASE_EBF9D5EA6A,inherited_arrhythmia,SCN5A,ARR_432148,disease-specific interpretive context named by the assertion,True,True,5,,,,,majority_yes_no; tie_or_low_confidence_goes_to_panel_resolution,
CABCASE_3D442FCC80,inherited_arrhythmia,KCNQ1,ARR_635221,same-variant identity with potentially discordant disease meaning,True,True,5,,,,,majority_yes_no; tie_or_low_confidence_goes_to_panel_resolution,
CABCASE_1FE8F1AC56,inherited_arrhythmia,HCN4,ARR_1675065,same-variant identity with potentially discordant disease meaning,True,False,5,,,,,majority_yes_no; tie_or_low_confidence_goes_to_panel_resolution,
CABCASE_20843B6721,inherited_arrhythmia,CACNA1C,ARR_1705745,reuse after condition-label or disease-model context repair,True,False,5,,,,,majority_yes_no; tie_or_low_confidence_goes_to_panel_resolution,
CABCASE_C635E2150E,inherited_arrhythmia,CACNA1C,ARR_802809,reuse after condition-label or disease-model context repair,True,False,5,,,,,majority_yes_no; tie_or_low_confidence_goes_to_panel_resolution,
CABCASE_DA6AD86BB0,inherited_arrhythmia,SCN5A,ARR_1773144,disease-specific interpretive context named by the assertion,True,True,5,,,,,majority_yes_no; tie_or_low_confidence_goes_to_panel_resolution,
CABCASE_9F4A798B18,inherited_arrhythmia,SCN5A,ARR_1460043,disease-specific interpretive context named by the assertion,True,True,5,,,,,majority_yes_no; tie_or_low_confidence_goes_to_panel_resolution,
CABCASE_14417A2F9A,inherited_arrhythmia,KCNJ2,ARR_801410,reuse after condition-label or disease-model context repair,True,False,5,,,,,majority_yes_no; tie_or_low_confidence_goes_to_panel_resolution,
CABCASE_A95D2DFA2E,inherited_arrhythmia,SCN5A,ARR_1406093,disease-specific interpretive context named by the assertion,True,True,5,,,,,majority_yes_no; tie_or_low_confidence_goes_to_panel_resolution,
CABCASE_B17B2008AE,inherited_arrhythmia,KCNH2,ARR_1792370,same-variant identity with potentially discordant disease meaning,True,True,5,,,,,majority_yes_no; tie_or_low_confidence_goes_to_panel_resolution,
CABCASE_1087B7DF71,inherited_arrhythmia,KCNH2,ARR_1762927,same-variant identity with potentially discordant disease meaning,True,True,5,,,,,majority_yes_no; tie_or_low_confidence_goes_to_panel_resolution,
CABCASE_0A91220121,inherited_arrhythmia,KCNH2,ARR_1795320,same-variant identity with potentially discordant disease meaning,True,True,5,,,,,majority_yes_no; tie_or_low_confidence_goes_to_panel_resolution,
CABCASE_DDFD9FCD70,inherited_arrhythmia,SCN5A,ARR_970218,disease-specific interpretive context named by the assertion,True,True,5,,,,,majority_yes_no; tie_or_low_confidence_goes_to_panel_resolution,
CABCASE_DF3124A37C,inherited_arrhythmia,CALM1,ARR_384090,disease-specific interpretive context named by the assertion,True,True,5,,,,,majority_yes_no; tie_or_low_confidence_goes_to_panel_resolution,
CABCASE_0083192FE8,inherited_arrhythmia,CALM3,ARR_389576,reuse after condition-label or disease-model context repair,True,True,5,,,,,majority_yes_no; tie_or_low_confidence_goes_to_panel_resolution,
CABCASE_6838E76EAC,inherited_arrhythmia,ANK2,ARR_1678112,reuse after condition-label or disease-model context repair,True,False,5,,,,,majority_yes_no; tie_or_low_confidence_goes_to_panel_resolution,
CABCASE_6F5B28D0FA,inherited_arrhythmia,SCN5A,ARR_1730458,disease-specific interpretive context named by the assertion,True,True,5,,,,,majority_yes_no; tie_or_low_confidence_goes_to_panel_resolution,
CABCASE_5B2B55532A,inherited_arrhythmia,KCNH2,ARR_420260,same-variant identity with potentially discordant disease meaning,True,True,5,,,,,majority_yes_no; tie_or_low_confidence_goes_to_panel_resolution,
CABCASE_74B4F5B3A9,inherited_arrhythmia,RYR2,ARR_519356,disease-specific interpretive context named by the assertion,True,True,5,,,,,majority_yes_no; tie_or_low_confidence_goes_to_panel_resolution,
CABCASE_2345BE70B6,inherited_arrhythmia,SCN5A,ARR_1392890,disease-specific interpretive context named by the assertion,True,True,5,,,,,majority_yes_no; tie_or_low_confidence_goes_to_panel_resolution,
CABCASE_A1E59419D3,inherited_arrhythmia,RYR2,ARR_982634,same-variant identity with potentially discordant disease meaning,True,True,5,,,,,majority_yes_no; tie_or_low_confidence_goes_to_panel_resolution,
CABCASE_F5D6F38606,inherited_arrhythmia,SCN5A,ARR_423108,disease-specific interpretive context named by the assertion,True,True,5,,,,,majority_yes_no; tie_or_low_confidence_goes_to_panel_resolution,
CABCASE_F3F900D4AF,inherited_arrhythmia,KCNH2,ARR_1202184,same-variant identity with potentially discordant disease meaning,True,True,5,,,,,majority_yes_no; tie_or_low_confidence_goes_to_panel_resolution,
CABCASE_335680CBE7,inherited_arrhythmia,KCNH2,ARR_523953,same-variant identity with potentially discordant disease meaning,True,True,5,,,,,majority_yes_no; tie_or_low_confidence_goes_to_panel_resolution,
CABCASE_582C13D5A5,inherited_arrhythmia,SCN5A,ARR_1187556,disease-specific interpretive context named by the assertion,True,True,5,,,,,majority_yes_no; tie_or_low_confidence_goes_to_panel_resolution,
CABCASE_E00432A5D5,inherited_arrhythmia,SCN5A,ARR_1451878,disease-specific interpretive context named by the assertion,True,True,5,,,,,majority_yes_no; tie_or_low_confidence_goes_to_panel_resolution,
CABCASE_6A6EC676D1,inherited_arrhythmia,KCNQ1,ARR_817016,same-variant identity with potentially discordant disease meaning,True,True,5,,,,,majority_yes_no; tie_or_low_confidence_goes_to_panel_resolution,
CABCASE_3F5A57723D,inherited_arrhythmia,HCN4,ARR_374861,same-variant identity with potentially discordant disease meaning,True,False,5,,,,,majority_yes_no; tie_or_low_confidence_goes_to_panel_resolution,
CABCASE_FDF591B5F7,inherited_arrhythmia,SCN5A,ARR_426612,disease-specific interpretive context named by the assertion,True,True,5,,,,,majority_yes_no; tie_or_low_confidence_goes_to_panel_resolution,
CABCASE_A5C80D85FA,inherited_arrhythmia,KCNH2,ARR_817961,same-variant identity with potentially discordant disease meaning,True,True,5,,,,,majority_yes_no; tie_or_low_confidence_goes_to_panel_resolution,
CABCASE_6432B34B36,inherited_arrhythmia,SCN5A,ARR_1737836,disease-specific interpretive context named by the assertion,True,True,5,,,,,majority_yes_no; tie_or_low_confidence_goes_to_panel_resolution,
CABCASE_61CDFFF38F,inherited_arrhythmia,CACNA1C,ARR_1214422,disease-specific interpretive context named by the assertion,True,False,5,,,,,majority_yes_no; tie_or_low_confidence_goes_to_panel_resolution,
CABCASE_A6D532ADDA,inherited_arrhythmia,SCN5A,ARR_421358,disease-specific interpretive context named by the assertion,True,True,5,,,,,majority_yes_no; tie_or_low_confidence_goes_to_panel_resolution,
CABCASE_6F9BF5297A,inherited_arrhythmia,ANK2,ARR_1695772,disease-specific interpretive context named by the assertion,True,False,5,,,,,majority_yes_no; tie_or_low_confidence_goes_to_panel_resolution,
CABCASE_73BB63181D,inherited_arrhythmia,RYR2,ARR_1773663,disease-specific interpretive context named by the assertion,True,True,5,,,,,majority_yes_no; tie_or_low_confidence_goes_to_panel_resolution,
CABCASE_7590B13822,inherited_arrhythmia,RYR2,ARR_372582,disease-specific interpretive context named by the assertion,True,True,5,,,,,majority_yes_no; tie_or_low_confidence_goes_to_panel_resolution,
CABCASE_82AA98E3C9,inherited_arrhythmia,SCN5A,ARR_406426,disease-specific interpretive context named by the assertion,True,True,5,,,,,majority_yes_no; tie_or_low_confidence_goes_to_panel_resolution,
CABCASE_D3C437CBA1,inherited_arrhythmia,SCN5A,ARR_1452285,disease-specific interpretive context named by the assertion,True,True,5,,,,,majority_yes_no; tie_or_low_confidence_goes_to_panel_resolution,
CABCASE_A11D91F218,inherited_arrhythmia,KCNH2,ARR_495746,same-variant identity with potentially discordant disease meaning,True,True,5,,,,,majority_yes_no; tie_or_low_confidence_goes_to_panel_resolution,
CABCASE_F497E5F0AA,inherited_arrhythmia,KCNH2,ARR_519501,same-variant identity with potentially discordant disease meaning,True,True,5,,,,,majority_yes_no; tie_or_low_confidence_goes_to_panel_resolution,
CABCASE_2F33E3D70C,inherited_arrhythmia,SCN5A,ARR_1755450,disease-specific interpretive context named by the assertion,True,True,5,,,,,majority_yes_no; tie_or_low_confidence_goes_to_panel_resolution,
CABCASE_9CF4C08B03,inherited_arrhythmia,CACNA1C,ARR_1344837,reuse after condition-label or disease-model context repair,True,False,5,,,,,majority_yes_no; tie_or_low_confidence_goes_to_panel_resolution,
CABCASE_1E5EBFDCBF,inherited_arrhythmia,SCN5A,ARR_1068181,disease-specific interpretive context named by the assertion,True,True,5,,,,,majority_yes_no; tie_or_low_confidence_goes_to_panel_resolution,
CABCASE_240BBB5089,inherited_arrhythmia,SCN5A,ARR_1743359,same-variant identity with potentially discordant disease meaning,True,True,5,,,,,majority_yes_no; tie_or_low_confidence_goes_to_panel_resolution,
CABCASE_DC23642152,inherited_arrhythmia,SCN5A,ARR_432733,disease-specific interpretive context named by the assertion,True,True,5,,,,,majority_yes_no; tie_or_low_confidence_goes_to_panel_resolution,
CABCASE_F48F145757,inherited_arrhythmia,SCN5A,ARR_956404,disease-specific interpretive context named by the assertion,True,True,5,,,,,majority_yes_no; tie_or_low_confidence_goes_to_panel_resolution,
CABCASE_798C151888,inherited_arrhythmia,SCN5A,ARR_1733997,disease-specific interpretive context named by the assertion,True,True,5,,,,,majority_yes_no; tie_or_low_confidence_goes_to_panel_resolution,
CABCASE_B4774BFD12,inherited_arrhythmia,KCNH2,ARR_373047,same-variant identity with potentially discordant disease meaning,True,True,5,,,,,majority_yes_no; tie_or_low_confidence_goes_to_panel_resolution,
CABCASE_2142E91085,inherited_arrhythmia,RYR2,ARR_1213111,disease-specific interpretive context named by the assertion,True,True,5,,,,,majority_yes_no; tie_or_low_confidence_goes_to_panel_resolution,
CABCASE_A53CADF44A,hereditary_cancer,MSH2,CANCER_90957,disease-specific interpretive context named by the assertion,False,False,3,,,,,majority_yes_no; tie_or_low_confidence_goes_to_panel_resolution,
CABCASE_DD6E3AB76C,hereditary_cancer,MLH1,CANCER_433858,assertion portability into the stated target context,False,False,3,,,,,majority_yes_no; tie_or_low_confidence_goes_to_panel_resolution,
CABCASE_3B810E7C39,hereditary_cancer,PMS2,CANCER_1767561,disease-specific interpretive context named by the assertion,False,False,3,,,,,majority_yes_no; tie_or_low_confidence_goes_to_panel_resolution,
CABCASE_F0D854970F,hereditary_cancer,ATM,CANCER_370103,disease-specific interpretive context named by the assertion,False,False,3,,,,,majority_yes_no; tie_or_low_confidence_goes_to_panel_resolution,
CABCASE_68C1092210,hereditary_cancer,ATM,CANCER_142188,disease-specific interpretive context named by the assertion,False,False,3,,,,,majority_yes_no; tie_or_low_confidence_goes_to_panel_resolution,
CABCASE_E782619371,hereditary_cancer,ATM,CANCER_234089,disease-specific interpretive context named by the assertion,False,False,3,,,,,majority_yes_no; tie_or_low_confidence_goes_to_panel_resolution,
CABCASE_CBFC41046D,inherited_arrhythmia,SCN5A,ARR_1254662,reuse after condition-label or disease-model context repair,True,True,5,,,,,majority_yes_no; tie_or_low_confidence_goes_to_panel_resolution,
CABCASE_D3D486339D,hereditary_cancer,CDH1,CANCER_651982,assertion portability into the stated target context,False,False,3,,,,,majority_yes_no; tie_or_low_confidence_goes_to_panel_resolution,
CABCASE_C3EEB527B0,hereditary_cancer,MLH1,CANCER_17079,disease-specific interpretive context named by the assertion,False,False,3,,,,,majority_yes_no; tie_or_low_confidence_goes_to_panel_resolution,
CABCASE_7B2BA8CB61,hereditary_cancer,MSH2,CANCER_90529,disease-specific interpretive context named by the assertion,False,False,3,,,,,majority_yes_no; tie_or_low_confidence_goes_to_panel_resolution,
CABCASE_374331AC8A,hereditary_cancer,PALB2,CANCER_126746,"genotype-first, population, or penetrance-sensitive reuse context",False,False,3,,,,,majority_yes_no; tie_or_low_confidence_goes_to_panel_resolution,
CABCASE_583F5BDD70,cardiomyopathy,DSP,CM_1693214,disease-specific interpretive context named by the assertion,False,False,3,,,,,majority_yes_no; tie_or_low_confidence_goes_to_panel_resolution,
CABCASE_AA107D86F0,hereditary_cancer,MLH1,CANCER_90107,disease-specific interpretive context named by the assertion,False,False,3,,,,,majority_yes_no; tie_or_low_confidence_goes_to_panel_resolution,
CABCASE_95A8B2F8B0,cardiomyopathy,FLNC,CM_1450068,disease-specific interpretive context named by the assertion,False,False,3,,,,,majority_yes_no; tie_or_low_confidence_goes_to_panel_resolution,
CABCASE_F85B046F63,inherited_arrhythmia,SCN5A,ARR_987436,disease-specific interpretive context named by the assertion,True,True,5,,,,,majority_yes_no; tie_or_low_confidence_goes_to_panel_resolution,
CABCASE_E5F2A15794,hereditary_cancer,ATM,CANCER_265513,"genotype-first, population, or penetrance-sensitive reuse context",False,False,3,,,,,majority_yes_no; tie_or_low_confidence_goes_to_panel_resolution,
CABCASE_03F342394F,hereditary_cancer,MLH1,CANCER_89994,disease-specific interpretive context named by the assertion,False,False,3,,,,,majority_yes_no; tie_or_low_confidence_goes_to_panel_resolution,
CABCASE_8EC3B6F6F2,cardiomyopathy,DSP,CM_1072294,disease-specific interpretive context named by the assertion,False,False,3,,,,,majority_yes_no; tie_or_low_confidence_goes_to_panel_resolution,
CABCASE_683614EC5D,hereditary_cancer,PMS2,CANCER_9244,disease-specific interpretive context named by the assertion,False,False,3,,,,,majority_yes_no; tie_or_low_confidence_goes_to_panel_resolution,
CABCASE_6AC4FF3048,hereditary_cancer,PTEN,CANCER_280032,disease-specific interpretive context named by the assertion,False,False,3,,,,,majority_yes_no; tie_or_low_confidence_goes_to_panel_resolution,
CABCASE_9BD70CEAB9,inherited_arrhythmia,KCNH2,ARR_524038,assertion portability into the stated target context,True,True,5,,,,,majority_yes_no; tie_or_low_confidence_goes_to_panel_resolution,
CABCASE_214087AB7F,hereditary_cancer,PALB2,CANCER_619884,"genotype-first, population, or penetrance-sensitive reuse context",False,False,3,,,,,majority_yes_no; tie_or_low_confidence_goes_to_panel_resolution,
CABCASE_423ED62303,hereditary_cancer,MSH2,CANCER_662590,disease-specific interpretive context named by the assertion,False,False,3,,,,,majority_yes_no; tie_or_low_confidence_goes_to_panel_resolution,
CABCASE_E4ED210625,cardiomyopathy,FLNC,CM_871195,disease-specific interpretive context named by the assertion,False,False,3,,,,,majority_yes_no; tie_or_low_confidence_goes_to_panel_resolution,
CABCASE_A4812EAE7A,hereditary_cancer,MSH2,CANCER_90881,disease-specific interpretive context named by the assertion,False,False,3,,,,,majority_yes_no; tie_or_low_confidence_goes_to_panel_resolution,
CABCASE_DA27FDD99C,hereditary_cancer,ATM,CANCER_231178,disease-specific interpretive context named by the assertion,False,False,3,,,,,majority_yes_no; tie_or_low_confidence_goes_to_panel_resolution,
CABCASE_DDFFB0EAC0,hereditary_cancer,PTEN,CANCER_404168,disease-specific interpretive context named by the assertion,False,False,3,,,,,majority_yes_no; tie_or_low_confidence_goes_to_panel_resolution,
CABCASE_71CFE5B264,hereditary_cancer,CDH1,CANCER_428628,assertion portability into the stated target context,False,False,3,,,,,majority_yes_no; tie_or_low_confidence_goes_to_panel_resolution,
CABCASE_767FDA8EDD,hereditary_cancer,MSH2,CANCER_1791565,disease-specific interpretive context named by the assertion,False,False,3,,,,,majority_yes_no; tie_or_low_confidence_goes_to_panel_resolution,
CABCASE_0D52F68113,hereditary_cancer,MSH6,CANCER_418321,assertion portability into the stated target context,False,False,3,,,,,majority_yes_no; tie_or_low_confidence_goes_to_panel_resolution,
CABCASE_231B2B814B,hereditary_cancer,MSH2,CANCER_90755,disease-specific interpretive context named by the assertion,False,False,3,,,,,majority_yes_no; tie_or_low_confidence_goes_to_panel_resolution,
CABCASE_3EA909156D,inherited_arrhythmia,KCNH2,ARR_1748411,assertion portability into the stated target context,True,True,5,,,,,majority_yes_no; tie_or_low_confidence_goes_to_panel_resolution,
CABCASE_1870238705,cardiomyopathy,DSP,CM_1754576,disease-specific interpretive context named by the assertion,False,False,3,,,,,majority_yes_no; tie_or_low_confidence_goes_to_panel_resolution,
CABCASE_C7BFDFC332,hereditary_cancer,MSH6,CANCER_89486,disease-specific interpretive context named by the assertion,False,False,3,,,,,majority_yes_no; tie_or_low_confidence_goes_to_panel_resolution,
CABCASE_368A9E43DD,cardiomyopathy,DSP,CM_228254,disease-specific interpretive context named by the assertion,False,False,3,,,,,majority_yes_no; tie_or_low_confidence_goes_to_panel_resolution,
CABCASE_BDC3B4DB46,hereditary_cancer,ATM,CANCER_485232,disease-specific interpretive context named by the assertion,False,False,3,,,,,majority_yes_no; tie_or_low_confidence_goes_to_panel_resolution,
CABCASE_6D579F7923,hereditary_cancer,MLH1,CANCER_993111,disease-specific interpretive context named by the assertion,False,False,3,,,,,majority_yes_no; tie_or_low_confidence_goes_to_panel_resolution,
CABCASE_4E929A82F3,cardiomyopathy,FLNC,CM_1736024,disease-specific interpretive context named by the assertion,False,False,3,,,,,majority_yes_no; tie_or_low_confidence_goes_to_panel_resolution,
CABCASE_C1755A2B81,hereditary_cancer,ATM,CANCER_419300,disease-specific interpretive context named by the assertion,False,False,3,,,,,majority_yes_no; tie_or_low_confidence_goes_to_panel_resolution,
CABCASE_3D17C2F2E5,hereditary_cancer,PTEN,CANCER_1066565,assertion portability into the stated target context,False,False,3,,,,,majority_yes_no; tie_or_low_confidence_goes_to_panel_resolution,
CABCASE_2DD5FB2DB8,cardiomyopathy,FLNC,CM_1475555,disease-specific interpretive context named by the assertion,False,False,3,,,,,majority_yes_no; tie_or_low_confidence_goes_to_panel_resolution,
CABCASE_97A5F7F181,hereditary_cancer,ATM,CANCER_141416,disease-specific interpretive context named by the assertion,False,False,3,,,,,majority_yes_no; tie_or_low_confidence_goes_to_panel_resolution,
CABCASE_4F1127B3D5,hereditary_cancer,PTEN,CANCER_142640,disease-specific interpretive context named by the assertion,False,False,3,,,,,majority_yes_no; tie_or_low_confidence_goes_to_panel_resolution,
CABCASE_105886A496,hereditary_cancer,ATM,CANCER_141734,disease-specific interpretive context named by the assertion,False,False,3,,,,,majority_yes_no; tie_or_low_confidence_goes_to_panel_resolution,
CABCASE_9CF402AD92,hereditary_cancer,MSH6,CANCER_410419,disease-specific interpretive context named by the assertion,False,False,3,,,,,majority_yes_no; tie_or_low_confidence_goes_to_panel_resolution,
CABCASE_9FE47CD788,hereditary_cancer,MSH2,CANCER_91096,disease-specific interpretive context named by the assertion,False,False,3,,,,,majority_yes_no; tie_or_low_confidence_goes_to_panel_resolution,
CABCASE_1652C1391C,hereditary_cancer,MSH2,CANCER_90643,disease-specific interpretive context named by the assertion,False,False,3,,,,,majority_yes_no; tie_or_low_confidence_goes_to_panel_resolution,
CABCASE_03B40EEFA5,cardiomyopathy,FLNC,CM_1429310,disease-specific interpretive context named by the assertion,False,False,3,,,,,majority_yes_no; tie_or_low_confidence_goes_to_panel_resolution,
CABCASE_956491DA95,hereditary_cancer,MSH6,CANCER_89178,disease-specific interpretive context named by the assertion,False,False,3,,,,,majority_yes_no; tie_or_low_confidence_goes_to_panel_resolution,
CABCASE_3BAA7C58A0,cardiomyopathy,FLNC,CM_1345536,disease-specific interpretive context named by the assertion,False,False,3,,,,,majority_yes_no; tie_or_low_confidence_goes_to_panel_resolution,
CABCASE_6EB37C4984,inherited_arrhythmia,HCN4,ARR_374859,reuse after condition-label or disease-model context repair,True,False,5,,,,,majority_yes_no; tie_or_low_confidence_goes_to_panel_resolution,
CABCASE_4DCB43B091,cardiomyopathy,DSP,CM_372958,disease-specific interpretive context named by the assertion,False,False,3,,,,,majority_yes_no; tie_or_low_confidence_goes_to_panel_resolution,
CABCASE_081519E03E,hereditary_cancer,MLH1,CANCER_619862,disease-specific interpretive context named by the assertion,False,False,3,,,,,majority_yes_no; tie_or_low_confidence_goes_to_panel_resolution,
CABCASE_1AFB35D43D,cardiomyopathy,FLNC,CM_1324419,disease-specific interpretive context named by the assertion,False,False,3,,,,,majority_yes_no; tie_or_low_confidence_goes_to_panel_resolution,
CABCASE_FD1E3C9B2E,hereditary_cancer,MLH1,CANCER_89930,disease-specific interpretive context named by the assertion,False,False,3,,,,,majority_yes_no; tie_or_low_confidence_goes_to_panel_resolution,
CABCASE_F1EF642A86,hereditary_cancer,MLH1,CANCER_628266,disease-specific interpretive context named by the assertion,False,False,3,,,,,majority_yes_no; tie_or_low_confidence_goes_to_panel_resolution,
CABCASE_502F0E63DB,hereditary_cancer,MSH2,CANCER_1049506,disease-specific interpretive context named by the assertion,False,False,3,,,,,majority_yes_no; tie_or_low_confidence_goes_to_panel_resolution,
CABCASE_D04A4A661F,hereditary_cancer,MSH6,CANCER_428299,disease-specific interpretive context named by the assertion,False,False,3,,,,,majority_yes_no; tie_or_low_confidence_goes_to_panel_resolution,
CABCASE_ACD5BF328C,inherited_arrhythmia,TRDN,ARR_1708485,reuse after condition-label or disease-model context repair,True,True,5,,,,,majority_yes_no; tie_or_low_confidence_goes_to_panel_resolution,
CABCASE_810807FC0D,cardiomyopathy,DSP,CM_817780,disease-specific interpretive context named by the assertion,False,False,3,,,,,majority_yes_no; tie_or_low_confidence_goes_to_panel_resolution,
CABCASE_9A8A8F6E0A,hereditary_cancer,PALB2,CANCER_126696,assertion portability into the stated target context,False,False,3,,,,,majority_yes_no; tie_or_low_confidence_goes_to_panel_resolution,
CABCASE_DD88698D36,hereditary_cancer,MLH1,CANCER_801203,assertion portability into the stated target context,False,False,3,,,,,majority_yes_no; tie_or_low_confidence_goes_to_panel_resolution,
CABCASE_C30C303D52,hereditary_cancer,MSH2,CANCER_90510,disease-specific interpretive context named by the assertion,False,False,3,,,,,majority_yes_no; tie_or_low_confidence_goes_to_panel_resolution,
CABCASE_AD06CA63F2,cardiomyopathy,DSP,CM_1216348,disease-specific interpretive context named by the assertion,False,False,3,,,,,majority_yes_no; tie_or_low_confidence_goes_to_panel_resolution,
CABCASE_FAC5CF24CD,cardiomyopathy,DSP,CM_620319,disease-specific interpretive context named by the assertion,False,False,3,,,,,majority_yes_no; tie_or_low_confidence_goes_to_panel_resolution,
CABCASE_47CE5FD590,hereditary_cancer,ATM,CANCER_422373,disease-specific interpretive context named by the assertion,False,False,3,,,,,majority_yes_no; tie_or_low_confidence_goes_to_panel_resolution,
CABCASE_34BACEE180,hereditary_cancer,MSH2,CANCER_90615,assertion portability into the stated target context,False,False,3,,,,,majority_yes_no; tie_or_low_confidence_goes_to_panel_resolution,
CABCASE_07825A7FCC,hereditary_cancer,MSH2,CANCER_1760,disease-specific interpretive context named by the assertion,False,False,3,,,,,majority_yes_no; tie_or_low_confidence_goes_to_panel_resolution,
CABCASE_33441BB40E,hereditary_cancer,MSH2,CANCER_218036,assertion portability into the stated target context,False,False,3,,,,,majority_yes_no; tie_or_low_confidence_goes_to_panel_resolution,
CABCASE_9BC2CF6D7B,hereditary_cancer,CDH1,CANCER_642531,assertion portability into the stated target context,False,False,3,,,,,majority_yes_no; tie_or_low_confidence_goes_to_panel_resolution,
CABCASE_2AB58A0CA1,hereditary_cancer,PALB2,CANCER_410166,assertion portability into the stated target context,False,False,3,,,,,majority_yes_no; tie_or_low_confidence_goes_to_panel_resolution,
CABCASE_B1CD4352BE,hereditary_cancer,ATM,CANCER_418675,assertion portability into the stated target context,False,False,3,,,,,majority_yes_no; tie_or_low_confidence_goes_to_panel_resolution,
CABCASE_FF41C06F60,hereditary_cancer,MLH1,CANCER_17106,disease-specific interpretive context named by the assertion,False,False,3,,,,,majority_yes_no; tie_or_low_confidence_goes_to_panel_resolution,
CABCASE_B30DEFFF80,hereditary_cancer,MSH2,CANCER_90547,assertion portability into the stated target context,False,False,3,,,,,majority_yes_no; tie_or_low_confidence_goes_to_panel_resolution,
CABCASE_EB65937E06,hereditary_cancer,MSH2,CANCER_91060,disease-specific interpretive context named by the assertion,False,False,3,,,,,majority_yes_no; tie_or_low_confidence_goes_to_panel_resolution,
CABCASE_E8B6474BCC,hereditary_cancer,ATM,CANCER_487449,disease-specific interpretive context named by the assertion,False,False,3,,,,,majority_yes_no; tie_or_low_confidence_goes_to_panel_resolution,
CABCASE_2EDBD856AE,hereditary_cancer,MLH1,CANCER_422036,disease-specific interpretive context named by the assertion,False,False,3,,,,,majority_yes_no; tie_or_low_confidence_goes_to_panel_resolution,
CABCASE_1ABD60A719,hereditary_cancer,PMS2,CANCER_1323474,disease-specific interpretive context named by the assertion,False,False,3,,,,,majority_yes_no; tie_or_low_confidence_goes_to_panel_resolution,
CABCASE_CD49ADAD21,hereditary_cancer,MLH1,CANCER_90008,assertion portability into the stated target context,False,False,3,,,,,majority_yes_no; tie_or_low_confidence_goes_to_panel_resolution,
CABCASE_A8C161D077,hereditary_cancer,ATM,CANCER_379550,disease-specific interpretive context named by the assertion,False,False,3,,,,,majority_yes_no; tie_or_low_confidence_goes_to_panel_resolution,
CABCASE_4371BA1C42,inherited_arrhythmia,KCNH2,ARR_632866,assertion portability into the stated target context,True,True,5,,,,,majority_yes_no; tie_or_low_confidence_goes_to_panel_resolution,
CABCASE_4346E31771,hereditary_cancer,ATM,CANCER_994786,assertion portability into the stated target context,False,False,3,,,,,majority_yes_no; tie_or_low_confidence_goes_to_panel_resolution,
CABCASE_645C824AB3,hereditary_cancer,MSH2,CANCER_379791,disease-specific interpretive context named by the assertion,False,False,3,,,,,majority_yes_no; tie_or_low_confidence_goes_to_panel_resolution,
CABCASE_52478D076D,inherited_arrhythmia,KCNH2,ARR_1197726,assertion portability into the stated target context,True,True,5,,,,,majority_yes_no; tie_or_low_confidence_goes_to_panel_resolution,
CABCASE_BFB2B33646,hereditary_cancer,PTEN,CANCER_422884,disease-specific interpretive context named by the assertion,False,False,3,,,,,majority_yes_no; tie_or_low_confidence_goes_to_panel_resolution,
CABCASE_909F485B7A,hereditary_cancer,ATM,CANCER_135778,disease-specific interpretive context named by the assertion,False,False,3,,,,,majority_yes_no; tie_or_low_confidence_goes_to_panel_resolution,
CABCASE_BE903AB717,hereditary_cancer,ATM,CANCER_420010,disease-specific interpretive context named by the assertion,False,False,3,,,,,majority_yes_no; tie_or_low_confidence_goes_to_panel_resolution,
CABCASE_AC5CDA38C1,hereditary_cancer,MLH1,CANCER_90133,disease-specific interpretive context named by the assertion,False,False,3,,,,,majority_yes_no; tie_or_low_confidence_goes_to_panel_resolution,
CABCASE_D5C0AB0A13,hereditary_cancer,MSH2,CANCER_90827,assertion portability into the stated target context,False,False,3,,,,,majority_yes_no; tie_or_low_confidence_goes_to_panel_resolution,
CABCASE_593DF10989,hereditary_cancer,MLH1,CANCER_90291,disease-specific interpretive context named by the assertion,False,False,3,,,,,majority_yes_no; tie_or_low_confidence_goes_to_panel_resolution,
CABCASE_79A7A9A8B8,hereditary_cancer,ATM,CANCER_127437,disease-specific interpretive context named by the assertion,False,False,3,,,,,majority_yes_no; tie_or_low_confidence_goes_to_panel_resolution,
CABCASE_19926FA274,cardiomyopathy,DSP,CM_163276,disease-specific interpretive context named by the assertion,False,False,3,,,,,majority_yes_no; tie_or_low_confidence_goes_to_panel_resolution,
CABCASE_67C79BB38C,cardiomyopathy,DSP,CM_199919,disease-specific interpretive context named by the assertion,False,False,3,,,,,majority_yes_no; tie_or_low_confidence_goes_to_panel_resolution,
CABCASE_3F179B6A9E,hereditary_cancer,PALB2,CANCER_126746,"genotype-first, population, or penetrance-sensitive reuse context",False,False,3,,,,,majority_yes_no; tie_or_low_confidence_goes_to_panel_resolution,
CABCASE_394840A93C,hereditary_cancer,MSH6,CANCER_919128,disease-specific interpretive context named by the assertion,False,False,3,,,,,majority_yes_no; tie_or_low_confidence_goes_to_panel_resolution,
CABCASE_D36BA298A1,hereditary_cancer,PALB2,CANCER_134994,assertion portability into the stated target context,False,False,3,,,,,majority_yes_no; tie_or_low_confidence_goes_to_panel_resolution,
CABCASE_4A245000FE,hereditary_cancer,PALB2,CANCER_265546,assertion portability into the stated target context,False,False,3,,,,,majority_yes_no; tie_or_low_confidence_goes_to_panel_resolution,
CABCASE_8E732393DD,hereditary_cancer,MSH2,CANCER_545850,assertion portability into the stated target context,False,False,3,,,,,majority_yes_no; tie_or_low_confidence_goes_to_panel_resolution,
CABCASE_36AAE77F78,hereditary_cancer,ATM,CANCER_233164,disease-specific interpretive context named by the assertion,False,False,3,,,,,majority_yes_no; tie_or_low_confidence_goes_to_panel_resolution,
CABCASE_24173AA858,hereditary_cancer,MSH2,CANCER_90548,disease-specific interpretive context named by the assertion,False,False,3,,,,,majority_yes_no; tie_or_low_confidence_goes_to_panel_resolution,
CABCASE_B11BC9A506,hereditary_cancer,BRCA2,CANCER_266899,disease-specific interpretive context named by the assertion,False,False,3,,,,,majority_yes_no; tie_or_low_confidence_goes_to_panel_resolution,
CABCASE_DFAB006447,hereditary_cancer,APC,CANCER_1759474,disease-specific interpretive context named by the assertion,False,False,3,,,,,majority_yes_no; tie_or_low_confidence_goes_to_panel_resolution,
CABCASE_4E75D2B3C8,hereditary_cancer,PMS2,CANCER_1779474,disease-specific interpretive context named by the assertion,False,False,3,,,,,majority_yes_no; tie_or_low_confidence_goes_to_panel_resolution,
CABCASE_9CF06B1B7A,hereditary_cancer,CDH1,CANCER_479524,assertion portability into the stated target context,False,False,3,,,,,majority_yes_no; tie_or_low_confidence_goes_to_panel_resolution,
CABCASE_EA02EA4B88,hereditary_cancer,ATM,CANCER_1454260,assertion portability into the stated target context,False,False,3,,,,,majority_yes_no; tie_or_low_confidence_goes_to_panel_resolution,
CABCASE_C99CCA0E19,hereditary_cancer,MSH2,CANCER_934379,disease-specific interpretive context named by the assertion,False,False,3,,,,,majority_yes_no; tie_or_low_confidence_goes_to_panel_resolution,
CABCASE_84DC887E80,hereditary_cancer,ATM,CANCER_1407237,assertion portability into the stated target context,False,False,3,,,,,majority_yes_no; tie_or_low_confidence_goes_to_panel_resolution,
CABCASE_C7A7037E04,hereditary_cancer,ATM,CANCER_141653,disease-specific interpretive context named by the assertion,False,False,3,,,,,majority_yes_no; tie_or_low_confidence_goes_to_panel_resolution,
CABCASE_9545E57FEF,hereditary_cancer,ATM,CANCER_1452690,assertion portability into the stated target context,False,False,3,,,,,majority_yes_no; tie_or_low_confidence_goes_to_panel_resolution,
CABCASE_657688B00F,hereditary_cancer,CDH1,CANCER_406615,assertion portability into the stated target context,False,False,3,,,,,majority_yes_no; tie_or_low_confidence_goes_to_panel_resolution,
CABCASE_AEE985300E,hereditary_cancer,TP53,CANCER_528243,assertion portability into the stated target context,False,False,3,,,,,majority_yes_no; tie_or_low_confidence_goes_to_panel_resolution,
CABCASE_EF515EFF29,hereditary_cancer,ATM,CANCER_1209849,assertion portability into the stated target context,False,False,3,,,,,majority_yes_no; tie_or_low_confidence_goes_to_panel_resolution,
CABCASE_642392990A,hereditary_cancer,BRCA1,CANCER_266176,disease-specific interpretive context named by the assertion,False,False,3,,,,,majority_yes_no; tie_or_low_confidence_goes_to_panel_resolution,
CABCASE_7E1873A056,cardiomyopathy,TTN,CM_1465094,disease-specific interpretive context named by the assertion,False,False,3,,,,,majority_yes_no; tie_or_low_confidence_goes_to_panel_resolution,
CABCASE_662FE70C35,hereditary_cancer,ATM,CANCER_187146,disease-specific interpretive context named by the assertion,False,False,3,,,,,majority_yes_no; tie_or_low_confidence_goes_to_panel_resolution,
CABCASE_097F79F19E,hereditary_cancer,MLH1,CANCER_90206,disease-specific interpretive context named by the assertion,False,False,3,,,,,majority_yes_no; tie_or_low_confidence_goes_to_panel_resolution,
CABCASE_6D848DCE02,cardiomyopathy,TTN,CM_1678654,disease-specific interpretive context named by the assertion,False,False,3,,,,,majority_yes_no; tie_or_low_confidence_goes_to_panel_resolution,
CABCASE_E83E34949D,hereditary_cancer,ATM,CANCER_370193,assertion portability into the stated target context,False,False,3,,,,,majority_yes_no; tie_or_low_confidence_goes_to_panel_resolution,
CABCASE_25133BDF06,hereditary_cancer,MSH6,CANCER_1330188,disease-specific interpretive context named by the assertion,False,False,3,,,,,majority_yes_no; tie_or_low_confidence_goes_to_panel_resolution,
CABCASE_75D0D5F2B9,hereditary_cancer,PALB2,CANCER_231731,"genotype-first, population, or penetrance-sensitive reuse context",False,False,3,,,,,majority_yes_no; tie_or_low_confidence_goes_to_panel_resolution,
CABCASE_921D6CF8D4,hereditary_cancer,BRCA2,CANCER_156172,disease-specific interpretive context named by the assertion,False,False,3,,,,,majority_yes_no; tie_or_low_confidence_goes_to_panel_resolution,
CABCASE_580558F34B,hereditary_cancer,MSH6,CANCER_982701,assertion portability into the stated target context,False,False,3,,,,,majority_yes_no; tie_or_low_confidence_goes_to_panel_resolution,
CABCASE_6534CB186A,hereditary_cancer,MSH2,CANCER_90836,assertion portability into the stated target context,False,False,3,,,,,majority_yes_no; tie_or_low_confidence_goes_to_panel_resolution,
CABCASE_30BE8F57E2,hereditary_cancer,ATM,CANCER_370971,assertion portability into the stated target context,False,False,3,,,,,majority_yes_no; tie_or_low_confidence_goes_to_panel_resolution,
CABCASE_04308B4FE1,hereditary_cancer,MSH6,CANCER_864043,disease-specific interpretive context named by the assertion,False,False,3,,,,,majority_yes_no; tie_or_low_confidence_goes_to_panel_resolution,
CABCASE_BA723FD90D,hereditary_cancer,MLH1,CANCER_90150,disease-specific interpretive context named by the assertion,False,False,3,,,,,majority_yes_no; tie_or_low_confidence_goes_to_panel_resolution,
CABCASE_394B2D681A,cardiomyopathy,TTN,CM_47237,disease-specific interpretive context named by the assertion,False,False,3,,,,,majority_yes_no; tie_or_low_confidence_goes_to_panel_resolution,
CABCASE_52B31E85DD,hereditary_cancer,MUTYH,CANCER_1769939,reuse after condition-label or disease-model context repair,False,False,3,,,,,majority_yes_no; tie_or_low_confidence_goes_to_panel_resolution,
CABCASE_250FA63812,hereditary_cancer,BMPR1A,CANCER_184498,disease-specific interpretive context named by the assertion,False,False,3,,,,,majority_yes_no; tie_or_low_confidence_goes_to_panel_resolution,
CABCASE_E46A31F852,hereditary_cancer,CDH1,CANCER_532474,assertion portability into the stated target context,False,False,3,,,,,majority_yes_no; tie_or_low_confidence_goes_to_panel_resolution,
CABCASE_0DA3962D39,hereditary_cancer,APC,CANCER_231945,disease-specific interpretive context named by the assertion,False,False,3,,,,,majority_yes_no; tie_or_low_confidence_goes_to_panel_resolution,
CABCASE_FAAFF893F4,hereditary_cancer,PTEN,CANCER_404148,assertion portability into the stated target context,False,False,3,,,,,majority_yes_no; tie_or_low_confidence_goes_to_panel_resolution,
CABCASE_B7114E4619,hereditary_cancer,MSH6,CANCER_1071630,disease-specific interpretive context named by the assertion,False,False,3,,,,,majority_yes_no; tie_or_low_confidence_goes_to_panel_resolution,
CABCASE_D33E9B5C16,hereditary_cancer,BRCA2,CANCER_1418898,disease-specific interpretive context named by the assertion,False,False,3,,,,,majority_yes_no; tie_or_low_confidence_goes_to_panel_resolution,
CABCASE_17B7427517,hereditary_cancer,BRCA2,CANCER_37726,disease-specific interpretive context named by the assertion,False,False,3,,,,,majority_yes_no; tie_or_low_confidence_goes_to_panel_resolution,
CABCASE_861C26193D,hereditary_cancer,PMS2,CANCER_1411804,disease-specific interpretive context named by the assertion,False,False,3,,,,,majority_yes_no; tie_or_low_confidence_goes_to_panel_resolution,
CABCASE_3F095CD536,cardiomyopathy,TTN,CM_1687148,disease-specific interpretive context named by the assertion,False,False,3,,,,,majority_yes_no; tie_or_low_confidence_goes_to_panel_resolution,
CABCASE_0AEFED7576,hereditary_cancer,ATM,CANCER_558225,disease-specific interpretive context named by the assertion,False,False,3,,,,,majority_yes_no; tie_or_low_confidence_goes_to_panel_resolution,
CABCASE_B961CCB383,hereditary_cancer,BRCA2,CANCER_267128,disease-specific interpretive context named by the assertion,False,False,3,,,,,majority_yes_no; tie_or_low_confidence_goes_to_panel_resolution,
CABCASE_3EAD58A146,hereditary_cancer,BRCA2,CANCER_267021,disease-specific interpretive context named by the assertion,False,False,3,,,,,majority_yes_no; tie_or_low_confidence_goes_to_panel_resolution,
CABCASE_96417B8C72,hereditary_cancer,MSH6,CANCER_1729527,disease-specific interpretive context named by the assertion,False,False,3,,,,,majority_yes_no; tie_or_low_confidence_goes_to_panel_resolution,
CABCASE_C3A26D47D6,cardiomyopathy,TTN,CM_519047,disease-specific interpretive context named by the assertion,False,False,3,,,,,majority_yes_no; tie_or_low_confidence_goes_to_panel_resolution,
CABCASE_A64AD72538,hereditary_cancer,CDH1,CANCER_918853,assertion portability into the stated target context,False,False,3,,,,,majority_yes_no; tie_or_low_confidence_goes_to_panel_resolution,
CABCASE_684906119A,cardiomyopathy,TNNI3,CM_177679,disease-specific interpretive context named by the assertion,False,False,3,,,,,majority_yes_no; tie_or_low_confidence_goes_to_panel_resolution,
CABCASE_2BA25BB6FE,cardiomyopathy,MYBPC3,CM_1454685,assertion portability into the stated target context,False,False,3,,,,,majority_yes_no; tie_or_low_confidence_goes_to_panel_resolution,
CABCASE_3A2DD70F23,hereditary_cancer,MLH1,CANCER_90322,disease-specific interpretive context named by the assertion,False,False,3,,,,,majority_yes_no; tie_or_low_confidence_goes_to_panel_resolution,
CABCASE_14E2DEE7FF,hereditary_cancer,APC,CANCER_1750871,disease-specific interpretive context named by the assertion,False,False,3,,,,,majority_yes_no; tie_or_low_confidence_goes_to_panel_resolution,
CABCASE_593D96B329,hereditary_cancer,BRCA2,CANCER_1325644,disease-specific interpretive context named by the assertion,False,False,3,,,,,majority_yes_no; tie_or_low_confidence_goes_to_panel_resolution,
CABCASE_136A72A5D3,hereditary_cancer,APC,CANCER_1400152,assertion portability into the stated target context,False,False,3,,,,,majority_yes_no; tie_or_low_confidence_goes_to_panel_resolution,
CABCASE_D66E9BD722,hereditary_cancer,ATM,CANCER_861195,assertion portability into the stated target context,False,False,3,,,,,majority_yes_no; tie_or_low_confidence_goes_to_panel_resolution,
