assertion_id,domain,future_condition_label_drift,future_classification_change,future_classification_severity_drift,future_cross_environment_drift,future_any_meaning_drift,semantic_drift_without_reclassification,review_status_change,submitter_count_change
ARR_1325231,inherited_arrhythmia,0,0,0,0,0,0,0,0
ARR_1074440,inherited_arrhythmia,1,0,0,0,1,1,0,0
ARR_1027323,inherited_arrhythmia,0,0,0,0,0,0,0,0
ARR_1766367,inherited_arrhythmia,1,0,0,0,1,1,0,0
ARR_1395670,inherited_arrhythmia,1,0,0,0,1,1,0,0
ARR_1427034,inherited_arrhythmia,1,0,0,0,1,1,0,0
ARR_1070395,inherited_arrhythmia,1,0,0,0,1,1,0,0
ARR_427946,inherited_arrhythmia,1,0,0,0,1,1,0,0
ARR_871731,inherited_arrhythmia,1,0,0,0,1,1,0,0
ARR_519365,inherited_arrhythmia,0,0,0,0,0,0,0,0
ARR_1523438,inherited_arrhythmia,1,0,0,0,1,1,0,0
ARR_862119,inherited_arrhythmia,0,0,0,0,0,0,0,0
ARR_378906,inherited_arrhythmia,0,0,0,0,0,0,0,0
ARR_801535,inherited_arrhythmia,1,0,0,0,1,1,0,0
ARR_1749169,inherited_arrhythmia,1,0,0,0,1,1,0,0
ARR_1514023,inherited_arrhythmia,0,0,0,0,0,0,0,0
ARR_373047,inherited_arrhythmia,0,0,0,0,0,0,0,0
ARR_924057,inherited_arrhythmia,1,0,0,0,1,1,0,0
ARR_1455898,inherited_arrhythmia,1,0,0,0,1,1,0,0
ARR_375594,inherited_arrhythmia,0,0,0,0,0,0,0,0
ARR_1454593,inherited_arrhythmia,0,0,0,0,0,0,0,0
ARR_838068,inherited_arrhythmia,1,0,0,0,1,1,0,0
ARR_1171509,inherited_arrhythmia,0,0,0,0,0,0,0,0
ARR_1214434,inherited_arrhythmia,1,0,0,0,1,1,0,0
ARR_1067403,inherited_arrhythmia,0,0,0,0,0,0,0,0
ARR_852605,inherited_arrhythmia,1,0,0,0,1,1,0,0
ARR_1757434,inherited_arrhythmia,1,0,0,0,1,1,0,0
ARR_1420193,inherited_arrhythmia,1,0,0,0,1,1,0,0
ARR_633643,inherited_arrhythmia,0,0,0,0,0,0,0,0
ARR_547162,inherited_arrhythmia,1,0,0,0,1,1,0,0
ARR_859128,inherited_arrhythmia,0,0,0,0,0,0,0,0
ARR_666975,inherited_arrhythmia,0,0,0,0,0,0,0,0
ARR_972416,inherited_arrhythmia,1,0,0,0,1,1,0,0
ARR_1515619,inherited_arrhythmia,1,0,0,0,1,1,0,0
ARR_926958,inherited_arrhythmia,0,0,0,0,0,0,0,0
ARR_1076966,inherited_arrhythmia,1,0,0,0,1,1,0,0
ARR_1457006,inherited_arrhythmia,1,0,0,0,1,1,0,0
ARR_405260,inherited_arrhythmia,1,0,0,0,1,1,0,0
ARR_418944,inherited_arrhythmia,1,0,0,0,1,1,0,0
ARR_651334,inherited_arrhythmia,1,0,0,0,1,1,0,0
ARR_523778,inherited_arrhythmia,0,0,0,0,0,0,0,0
ARR_505275,inherited_arrhythmia,1,0,0,0,1,1,0,0
ARR_404118,inherited_arrhythmia,0,0,0,0,0,0,0,0
ARR_1403180,inherited_arrhythmia,1,0,0,0,1,1,0,0
ARR_496571,inherited_arrhythmia,1,0,0,0,1,1,0,0
ARR_449691,inherited_arrhythmia,1,0,0,0,1,1,0,0
ARR_1075032,inherited_arrhythmia,1,0,0,0,1,1,0,0
ARR_503669,inherited_arrhythmia,0,0,0,0,0,0,0,0
ARR_667015,inherited_arrhythmia,0,0,0,0,0,0,0,0
ARR_1480008,inherited_arrhythmia,0,0,0,0,0,0,0,0
ARR_842027,inherited_arrhythmia,1,0,0,0,1,1,0,0
ARR_942279,inherited_arrhythmia,1,0,0,0,1,1,0,0
ARR_583099,inherited_arrhythmia,1,0,0,0,1,1,0,0
ARR_517279,inherited_arrhythmia,1,0,0,0,1,1,0,0
ARR_405265,inherited_arrhythmia,0,0,0,0,0,0,0,0
ARR_924596,inherited_arrhythmia,1,0,0,0,1,1,0,0
ARR_1367739,inherited_arrhythmia,1,0,0,0,1,1,0,0
ARR_403974,inherited_arrhythmia,0,0,0,0,0,0,0,0
ARR_1805845,inherited_arrhythmia,0,0,0,0,0,0,0,0
ARR_418270,inherited_arrhythmia,1,0,0,0,1,1,0,0
ARR_649240,inherited_arrhythmia,1,0,0,0,1,1,0,0
ARR_817280,inherited_arrhythmia,1,0,0,0,1,1,0,0
ARR_488729,inherited_arrhythmia,1,0,0,0,1,1,0,0
ARR_547164,inherited_arrhythmia,1,0,0,0,1,1,0,0
ARR_1477795,inherited_arrhythmia,0,0,0,0,0,0,0,0
ARR_915308,inherited_arrhythmia,1,0,0,0,1,1,0,0
ARR_1675066,inherited_arrhythmia,1,0,0,0,1,1,0,0
ARR_404190,inherited_arrhythmia,1,0,0,0,1,1,0,0
ARR_1746831,inherited_arrhythmia,1,0,0,0,1,1,0,0
ARR_408869,inherited_arrhythmia,1,0,0,0,1,1,0,0
ARR_430060,inherited_arrhythmia,0,0,0,0,0,0,0,0
ARR_1208780,inherited_arrhythmia,0,0,0,0,0,0,0,0
ARR_857501,inherited_arrhythmia,0,0,0,0,0,0,0,0
ARR_1068919,inherited_arrhythmia,1,0,0,0,1,1,0,0
ARR_519280,inherited_arrhythmia,1,0,0,0,1,1,0,0
ARR_1802180,inherited_arrhythmia,0,0,0,0,0,0,0,0
ARR_1787905,inherited_arrhythmia,0,0,0,0,0,0,0,0
ARR_1306529,inherited_arrhythmia,0,0,0,0,0,0,0,0
ARR_864600,inherited_arrhythmia,0,0,0,0,0,0,0,0
ARR_532312,inherited_arrhythmia,1,0,0,0,1,1,0,0
ARR_1074305,inherited_arrhythmia,1,0,0,0,1,1,0,0
ARR_917819,inherited_arrhythmia,1,0,0,0,1,1,0,0
ARR_519537,inherited_arrhythmia,1,0,0,0,1,1,0,0
ARR_837649,inherited_arrhythmia,0,0,0,0,0,0,0,0
ARR_656121,inherited_arrhythmia,1,0,0,0,1,1,0,0
ARR_523933,inherited_arrhythmia,0,0,0,0,0,0,0,0
ARR_449221,inherited_arrhythmia,1,0,0,0,1,1,0,0
ARR_1332487,inherited_arrhythmia,0,0,0,0,0,0,0,0
ARR_858435,inherited_arrhythmia,1,0,0,0,1,1,0,0
ARR_411734,inherited_arrhythmia,0,0,0,0,0,0,0,0
ARR_1327132,inherited_arrhythmia,1,0,0,0,1,1,0,0
ARR_1677487,inherited_arrhythmia,0,0,0,0,0,0,0,0
ARR_570614,inherited_arrhythmia,0,0,0,0,0,0,0,0
ARR_1342783,inherited_arrhythmia,0,0,0,0,0,0,0,0
ARR_405341,inherited_arrhythmia,0,0,0,0,0,0,0,0
ARR_418689,inherited_arrhythmia,0,0,0,0,0,0,0,0
ARR_810745,inherited_arrhythmia,0,0,0,0,0,0,0,0
ARR_503760,inherited_arrhythmia,0,0,0,0,0,0,0,0
ARR_1457672,inherited_arrhythmia,1,0,0,0,1,1,0,0
ARR_635221,inherited_arrhythmia,0,0,0,0,0,0,0,0
ARR_405258,inherited_arrhythmia,0,0,0,0,0,0,0,0
ARR_1382290,inherited_arrhythmia,0,0,0,0,0,0,0,0
ARR_1070517,inherited_arrhythmia,0,0,0,0,0,0,0,0
ARR_653333,inherited_arrhythmia,0,0,0,0,0,0,0,0
ARR_638156,inherited_arrhythmia,0,0,0,0,0,0,0,0
ARR_523705,inherited_arrhythmia,1,0,0,0,1,1,0,0
ARR_418247,inherited_arrhythmia,0,0,0,0,0,0,0,0
ARR_1254662,inherited_arrhythmia,1,0,0,0,1,1,0,0
ARR_1334090,inherited_arrhythmia,0,0,0,0,0,0,0,0
ARR_1455253,inherited_arrhythmia,1,0,0,0,1,1,0,0
ARR_1425730,inherited_arrhythmia,1,0,0,0,1,1,0,0
ARR_427947,inherited_arrhythmia,1,0,0,0,1,1,0,0
ARR_654552,inherited_arrhythmia,1,0,0,0,1,1,0,0
ARR_419715,inherited_arrhythmia,0,0,0,0,0,0,0,0
ARR_463523,inherited_arrhythmia,0,0,0,0,0,0,0,0
ARR_571947,inherited_arrhythmia,1,0,0,0,1,1,0,0
ARR_406420,inherited_arrhythmia,1,0,0,0,1,1,0,0
ARR_1033372,inherited_arrhythmia,0,0,0,0,0,0,0,0
ARR_372376,inherited_arrhythmia,0,0,0,0,0,0,0,0
ARR_372313,inherited_arrhythmia,0,0,0,0,0,0,0,0
ARR_1739478,inherited_arrhythmia,1,0,0,0,1,1,0,0
ARR_488772,inherited_arrhythmia,1,0,0,0,1,1,0,0
ARR_463294,inherited_arrhythmia,1,0,0,0,1,1,0,0
ARR_985692,inherited_arrhythmia,1,0,0,0,1,1,0,0
ARR_927383,inherited_arrhythmia,0,0,0,0,0,0,0,0
ARR_1743359,inherited_arrhythmia,0,0,0,0,0,0,0,0
ARR_1072847,inherited_arrhythmia,1,0,0,0,1,1,0,0
ARR_1208559,inherited_arrhythmia,0,0,0,0,0,0,0,0
ARR_573008,inherited_arrhythmia,0,0,0,0,0,0,0,0
ARR_519257,inherited_arrhythmia,0,0,0,0,0,0,0,0
ARR_519533,inherited_arrhythmia,1,0,0,0,1,1,0,0
ARR_1784131,inherited_arrhythmia,1,0,0,0,1,1,0,0
ARR_1527872,inherited_arrhythmia,0,0,0,0,0,0,0,0
ARR_1009997,inherited_arrhythmia,1,0,0,0,1,1,0,0
ARR_1791538,inherited_arrhythmia,0,0,0,0,0,0,0,0
ARR_1415094,inherited_arrhythmia,0,0,0,0,0,0,0,0
ARR_809661,inherited_arrhythmia,1,0,0,0,1,1,0,0
ARR_638351,inherited_arrhythmia,0,0,0,0,0,0,0,0
ARR_970883,inherited_arrhythmia,1,0,0,0,1,1,0,0
ARR_1504964,inherited_arrhythmia,0,0,0,0,0,0,0,0
ARR_1405357,inherited_arrhythmia,0,0,0,0,0,0,0,0
ARR_519476,inherited_arrhythmia,0,0,0,0,0,0,0,0
ARR_1076382,inherited_arrhythmia,1,0,0,0,1,1,0,0
ARR_1489978,inherited_arrhythmia,0,0,0,0,0,0,0,0
ARR_965523,inherited_arrhythmia,0,0,0,0,0,0,0,0
ARR_933168,inherited_arrhythmia,0,0,0,0,0,0,0,0
ARR_869440,inherited_arrhythmia,0,0,0,0,0,0,0,0
ARR_663623,inherited_arrhythmia,0,0,0,0,0,0,0,0
ARR_637975,inherited_arrhythmia,0,0,0,0,0,0,0,0
ARR_488859,inherited_arrhythmia,0,0,0,0,0,0,0,0
ARR_488698,inherited_arrhythmia,0,0,0,0,0,0,0,0
ARR_431053,inherited_arrhythmia,0,0,0,0,0,0,0,0
ARR_375455,inherited_arrhythmia,1,0,0,0,1,1,0,0
ARR_1792370,inherited_arrhythmia,0,0,0,0,0,0,0,0
ARR_1728012,inherited_arrhythmia,0,0,0,0,0,0,0,0
ARR_1466419,inherited_arrhythmia,0,0,0,0,0,0,0,0
ARR_1197726,inherited_arrhythmia,0,0,0,0,0,0,0,0
ARR_1171507,inherited_arrhythmia,0,0,0,0,0,0,0,0
ARR_1066606,inherited_arrhythmia,0,0,0,0,0,0,0,0
ARR_560686,inherited_arrhythmia,0,0,0,0,0,0,0,0
ARR_373026,inherited_arrhythmia,0,0,0,0,0,0,0,0
ARR_1684121,inherited_arrhythmia,0,0,0,0,0,0,0,0
ARR_1375303,inherited_arrhythmia,1,0,0,0,1,1,0,0
ARR_979202,inherited_arrhythmia,0,0,0,0,0,0,0,0
ARR_858096,inherited_arrhythmia,1,0,0,0,1,1,0,0
ARR_547163,inherited_arrhythmia,1,0,0,0,1,1,0,0
ARR_1804987,inherited_arrhythmia,0,0,0,0,0,0,0,0
ARR_1678118,inherited_arrhythmia,0,0,0,0,0,0,0,0
ARR_1480581,inherited_arrhythmia,1,0,0,0,1,1,0,0
ARR_1439521,inherited_arrhythmia,1,0,0,0,1,1,0,0
ARR_1328938,inherited_arrhythmia,0,0,0,0,0,0,0,0
ARR_1035886,inherited_arrhythmia,0,0,0,0,0,0,0,0
ARR_1021015,inherited_arrhythmia,1,0,0,0,1,1,0,0
ARR_869430,inherited_arrhythmia,0,0,0,0,0,0,0,0
ARR_656670,inherited_arrhythmia,1,0,0,0,1,1,0,0
ARR_581079,inherited_arrhythmia,1,0,0,0,1,1,0,0
ARR_572162,inherited_arrhythmia,1,0,0,0,1,1,0,0
ARR_463600,inherited_arrhythmia,1,0,0,0,1,1,0,0
ARR_404183,inherited_arrhythmia,1,0,0,0,1,1,0,0
ARR_1457736,inherited_arrhythmia,1,0,0,0,1,1,0,0
ARR_1799347,inherited_arrhythmia,0,0,0,0,0,0,0,0
ARR_1517713,inherited_arrhythmia,1,0,0,0,1,1,0,0
ARR_1467722,inherited_arrhythmia,0,0,0,0,0,0,0,0
ARR_1707563,inherited_arrhythmia,1,0,0,0,1,1,0,0
ARR_1218634,inherited_arrhythmia,0,0,0,0,0,0,0,0
ARR_1802109,inherited_arrhythmia,0,0,0,0,0,0,0,0
ARR_1786030,inherited_arrhythmia,1,0,0,0,1,1,0,0
ARR_1778018,inherited_arrhythmia,1,0,0,0,1,1,0,0
ARR_1771701,inherited_arrhythmia,1,0,0,0,1,1,0,0
ARR_1769838,inherited_arrhythmia,0,0,0,0,0,0,0,0
ARR_1723453,inherited_arrhythmia,0,0,0,0,0,0,0,0
ARR_1711271,inherited_arrhythmia,0,0,0,0,0,0,0,0
ARR_1709048,inherited_arrhythmia,0,0,0,0,0,0,0,0
ARR_1708065,inherited_arrhythmia,0,0,0,0,0,0,0,0
ARR_1522663,inherited_arrhythmia,0,0,0,0,0,0,0,0
ARR_1500718,inherited_arrhythmia,1,0,0,0,1,1,0,0
ARR_1500707,inherited_arrhythmia,0,0,0,0,0,0,0,0
ARR_1493047,inherited_arrhythmia,0,0,0,0,0,0,0,0
ARR_1488375,inherited_arrhythmia,0,0,0,0,0,0,0,0
ARR_1457098,inherited_arrhythmia,0,0,0,0,0,0,0,0
ARR_1454915,inherited_arrhythmia,0,0,0,0,0,0,0,0
ARR_1454509,inherited_arrhythmia,0,0,0,0,0,0,0,0
ARR_1454382,inherited_arrhythmia,1,0,0,0,1,1,0,0
ARR_1452627,inherited_arrhythmia,1,0,0,0,1,1,0,0
ARR_1451451,inherited_arrhythmia,1,0,0,0,1,1,0,0
ARR_1449449,inherited_arrhythmia,0,0,0,0,0,0,0,0
ARR_1445000,inherited_arrhythmia,0,0,0,0,0,0,0,0
ARR_1439097,inherited_arrhythmia,0,0,0,0,0,0,0,0
ARR_1438413,inherited_arrhythmia,0,0,0,0,0,0,0,0
ARR_1437397,inherited_arrhythmia,0,0,0,0,0,0,0,0
ARR_1426804,inherited_arrhythmia,1,0,0,0,1,1,0,0
ARR_1416082,inherited_arrhythmia,0,0,0,0,0,0,0,0
ARR_1414164,inherited_arrhythmia,1,0,0,0,1,1,0,0
ARR_1411474,inherited_arrhythmia,0,0,0,0,0,0,0,0
ARR_1384067,inherited_arrhythmia,1,0,0,0,1,1,0,0
ARR_1350731,inherited_arrhythmia,1,0,0,0,1,1,0,0
ARR_1343361,inherited_arrhythmia,0,0,0,0,0,0,0,0
ARR_1342782,inherited_arrhythmia,1,0,0,0,1,1,0,0
ARR_1342708,inherited_arrhythmia,1,0,0,0,1,1,0,0
ARR_1331817,inherited_arrhythmia,0,0,0,0,0,0,0,0
ARR_1212402,inherited_arrhythmia,0,0,0,0,0,0,0,0
ARR_1185948,inherited_arrhythmia,1,0,0,0,1,1,0,0
ARR_1179766,inherited_arrhythmia,0,0,0,0,0,0,0,0
ARR_1171410,inherited_arrhythmia,1,0,0,0,1,1,0,0
ARR_1076090,inherited_arrhythmia,0,0,0,0,0,0,0,0
ARR_1075209,inherited_arrhythmia,0,0,0,0,0,0,0,0
ARR_1074347,inherited_arrhythmia,0,0,0,0,0,0,0,0
ARR_1072801,inherited_arrhythmia,0,0,0,0,0,0,0,0
ARR_1069232,inherited_arrhythmia,1,0,0,0,1,1,0,0
ARR_1067022,inherited_arrhythmia,0,0,0,0,0,0,0,0
ARR_1066272,inherited_arrhythmia,1,0,0,0,1,1,0,0
ARR_1056776,inherited_arrhythmia,0,0,0,0,0,0,0,0
ARR_1038475,inherited_arrhythmia,0,0,0,0,0,0,0,0
ARR_1037124,inherited_arrhythmia,0,0,0,0,0,0,0,0
ARR_1018501,inherited_arrhythmia,0,0,0,0,0,0,0,0
ARR_1004846,inherited_arrhythmia,0,0,0,0,0,0,0,0
ARR_992394,inherited_arrhythmia,1,0,0,0,1,1,0,0
ARR_983505,inherited_arrhythmia,0,0,0,0,0,0,0,0
ARR_983047,inherited_arrhythmia,0,0,0,0,0,0,0,0
ARR_983022,inherited_arrhythmia,1,0,0,0,1,1,0,0
ARR_977320,inherited_arrhythmia,0,0,0,0,0,0,0,0
ARR_977170,inherited_arrhythmia,0,0,0,0,0,0,0,0
ARR_966649,inherited_arrhythmia,0,0,0,0,0,0,0,0
ARR_960695,inherited_arrhythmia,0,0,0,0,0,0,0,0
ARR_956049,inherited_arrhythmia,0,0,0,0,0,0,0,0
ARR_939724,inherited_arrhythmia,1,0,0,0,1,1,0,0
ARR_930315,inherited_arrhythmia,0,0,0,0,0,0,0,0
ARR_926196,inherited_arrhythmia,0,0,0,0,0,0,0,0
ARR_925351,inherited_arrhythmia,0,0,0,0,0,0,0,0
ARR_922607,inherited_arrhythmia,0,0,0,0,0,0,0,0
ARR_919956,inherited_arrhythmia,0,0,0,0,0,0,0,0
ARR_869436,inherited_arrhythmia,0,0,0,0,0,0,0,0
ARR_869435,inherited_arrhythmia,0,0,0,0,0,0,0,0
ARR_869434,inherited_arrhythmia,0,0,0,0,0,0,0,0
ARR_869433,inherited_arrhythmia,0,0,0,0,0,0,0,0
ARR_861314,inherited_arrhythmia,0,0,0,0,0,0,0,0
ARR_855976,inherited_arrhythmia,0,0,0,0,0,0,0,0
ARR_844409,inherited_arrhythmia,0,0,0,0,0,0,0,0
ARR_842276,inherited_arrhythmia,1,0,0,0,1,1,0,0
ARR_817323,inherited_arrhythmia,0,0,0,0,0,0,0,0
ARR_817016,inherited_arrhythmia,0,0,0,0,0,0,0,0
ARR_812675,inherited_arrhythmia,1,0,0,0,1,1,0,0
ARR_684802,inherited_arrhythmia,0,0,0,0,0,0,0,0
ARR_684787,inherited_arrhythmia,1,0,0,0,1,1,0,0
ARR_667007,inherited_arrhythmia,1,0,0,0,1,1,0,0
ARR_665471,inherited_arrhythmia,1,0,0,0,1,1,0,0
ARR_660595,inherited_arrhythmia,0,0,0,0,0,0,0,0
ARR_651458,inherited_arrhythmia,0,0,0,0,0,0,0,0
ARR_641597,inherited_arrhythmia,0,0,0,0,0,0,0,0
ARR_620198,inherited_arrhythmia,1,0,0,0,1,1,0,0
ARR_620103,inherited_arrhythmia,0,0,0,0,0,0,0,0
ARR_587644,inherited_arrhythmia,0,0,0,0,0,0,0,0
ARR_582668,inherited_arrhythmia,0,0,0,0,0,0,0,0
ARR_581345,inherited_arrhythmia,0,0,0,0,0,0,0,0
ARR_581004,inherited_arrhythmia,0,0,0,0,0,0,0,0
ARR_576205,inherited_arrhythmia,0,0,0,0,0,0,0,0
ARR_573523,inherited_arrhythmia,1,0,0,0,1,1,0,0
ARR_570590,inherited_arrhythmia,0,0,0,0,0,0,0,0
ARR_570319,inherited_arrhythmia,0,0,0,0,0,0,0,0
ARR_560649,inherited_arrhythmia,0,0,0,0,0,0,0,0
ARR_560359,inherited_arrhythmia,1,0,0,0,1,1,0,0
ARR_526930,inherited_arrhythmia,0,0,0,0,0,0,0,0
ARR_523769,inherited_arrhythmia,0,0,0,0,0,0,0,0
ARR_522585,inherited_arrhythmia,0,0,0,0,0,0,0,0
ARR_519369,inherited_arrhythmia,0,0,0,0,0,0,0,0
ARR_519357,inherited_arrhythmia,0,0,0,0,0,0,0,0
ARR_517664,inherited_arrhythmia,0,0,0,0,0,0,0,0
ARR_496690,inherited_arrhythmia,0,0,0,0,0,0,0,0
ARR_489011,inherited_arrhythmia,0,0,0,0,0,0,0,0
ARR_456869,inherited_arrhythmia,0,0,0,0,0,0,0,0
ARR_449302,inherited_arrhythmia,1,0,0,0,1,1,0,0
ARR_449283,inherited_arrhythmia,1,0,0,0,1,1,0,0
ARR_448975,inherited_arrhythmia,0,0,0,0,0,0,0,0
ARR_438610,inherited_arrhythmia,0,0,0,0,0,0,0,0
ARR_432149,inherited_arrhythmia,0,0,0,0,0,0,0,0
ARR_431370,inherited_arrhythmia,0,0,0,0,0,0,0,0
ARR_430941,inherited_arrhythmia,0,0,0,0,0,0,0,0
ARR_421737,inherited_arrhythmia,0,0,0,0,0,0,0,0
ARR_420658,inherited_arrhythmia,0,0,0,0,0,0,0,0
ARR_420529,inherited_arrhythmia,0,0,0,0,0,0,0,0
ARR_419579,inherited_arrhythmia,0,0,0,0,0,0,0,0
ARR_405268,inherited_arrhythmia,1,0,0,0,1,1,0,0
ARR_405264,inherited_arrhythmia,0,0,0,0,0,0,0,0
ARR_405263,inherited_arrhythmia,0,0,0,0,0,0,0,0
ARR_405262,inherited_arrhythmia,1,0,0,0,1,1,0,0
ARR_405261,inherited_arrhythmia,0,0,0,0,0,0,0,0
ARR_405255,inherited_arrhythmia,0,0,0,0,0,0,0,0
ARR_405254,inherited_arrhythmia,0,0,0,0,0,0,0,0
ARR_405253,inherited_arrhythmia,0,0,0,0,0,0,0,0
ARR_379504,inherited_arrhythmia,1,0,0,0,1,1,0,0
ARR_372568,inherited_arrhythmia,0,0,0,0,0,0,0,0
ARR_1805233,inherited_arrhythmia,0,0,0,0,0,0,0,0
ARR_1804945,inherited_arrhythmia,1,0,0,0,1,1,0,0
ARR_1799488,inherited_arrhythmia,0,0,0,0,0,0,0,0
ARR_1797445,inherited_arrhythmia,1,0,0,0,1,1,0,0
ARR_1797337,inherited_arrhythmia,1,0,0,0,1,1,0,0
ARR_1795706,inherited_arrhythmia,1,0,0,0,1,1,0,0
ARR_1795334,inherited_arrhythmia,0,0,0,0,0,0,0,0
ARR_1795320,inherited_arrhythmia,0,0,0,0,0,0,0,0
ARR_1795256,inherited_arrhythmia,1,0,0,0,1,1,0,0
ARR_1794263,inherited_arrhythmia,0,0,0,0,0,0,0,0
ARR_1793177,inherited_arrhythmia,0,0,0,0,0,0,0,0
ARR_1790360,inherited_arrhythmia,0,0,0,0,0,0,0,0
ARR_1789092,inherited_arrhythmia,0,0,0,0,0,0,0,0
ARR_1786650,inherited_arrhythmia,1,0,0,0,1,1,0,0
ARR_1785054,inherited_arrhythmia,0,0,0,0,0,0,0,0
ARR_1783287,inherited_arrhythmia,1,0,0,0,1,1,0,0
ARR_1779222,inherited_arrhythmia,0,0,0,0,0,0,0,0
ARR_1777473,inherited_arrhythmia,0,0,0,0,0,0,0,0
ARR_1771379,inherited_arrhythmia,0,0,0,0,0,0,0,0
ARR_1766052,inherited_arrhythmia,0,0,0,0,0,0,0,0
ARR_1765131,inherited_arrhythmia,0,0,0,0,0,0,0,0
ARR_1764714,inherited_arrhythmia,0,0,0,0,0,0,0,0
ARR_1762927,inherited_arrhythmia,0,0,0,0,0,0,0,0
ARR_1758500,inherited_arrhythmia,0,0,0,0,0,0,0,0
ARR_1748411,inherited_arrhythmia,0,0,0,0,0,0,0,0
ARR_1742104,inherited_arrhythmia,0,0,0,0,0,0,0,0
ARR_1742024,inherited_arrhythmia,1,0,0,0,1,1,0,0
ARR_1736686,inherited_arrhythmia,0,0,0,0,0,0,0,0
ARR_1727478,inherited_arrhythmia,0,0,0,0,0,0,0,0
ARR_1713142,inherited_arrhythmia,0,0,0,0,0,0,0,0
ARR_1711664,inherited_arrhythmia,0,0,0,0,0,0,0,0
ARR_1711663,inherited_arrhythmia,1,0,0,0,1,1,0,0
ARR_1701539,inherited_arrhythmia,0,0,0,0,0,0,0,0
ARR_1698966,inherited_arrhythmia,0,0,0,0,0,0,0,0
ARR_1683771,inherited_arrhythmia,0,0,0,0,0,0,0,0
ARR_1683770,inherited_arrhythmia,0,0,0,0,0,0,0,0
ARR_1676088,inherited_arrhythmia,0,0,0,0,0,0,0,0
ARR_1675096,inherited_arrhythmia,0,0,0,0,0,0,0,0
ARR_1527874,inherited_arrhythmia,0,0,0,0,0,0,0,0
ARR_1527873,inherited_arrhythmia,0,0,0,0,0,0,0,0
ARR_1524546,inherited_arrhythmia,0,0,0,0,0,0,0,0
ARR_1521307,inherited_arrhythmia,0,0,0,0,0,0,0,0
ARR_1499958,inherited_arrhythmia,0,0,0,0,0,0,0,0
ARR_1488212,inherited_arrhythmia,0,0,0,0,0,0,0,0
ARR_1473108,inherited_arrhythmia,0,0,0,0,0,0,0,0
ARR_1467197,inherited_arrhythmia,0,0,0,0,0,0,0,0
ARR_1458718,inherited_arrhythmia,1,0,0,0,1,1,0,0
ARR_1458716,inherited_arrhythmia,0,0,0,0,0,0,0,0
ARR_1457690,inherited_arrhythmia,0,0,0,0,0,0,0,0
ARR_1456278,inherited_arrhythmia,0,0,0,0,0,0,0,0
ARR_1456173,inherited_arrhythmia,0,0,0,0,0,0,0,0
ARR_1455507,inherited_arrhythmia,0,0,0,0,0,0,0,0
ARR_1455493,inherited_arrhythmia,0,0,0,0,0,0,0,0
ARR_1453664,inherited_arrhythmia,0,0,0,0,0,0,0,0
ARR_1452777,inherited_arrhythmia,0,0,0,0,0,0,0,0
ARR_1452601,inherited_arrhythmia,0,0,0,0,0,0,0,0
ARR_1452025,inherited_arrhythmia,0,0,0,0,0,0,0,0
ARR_1439179,inherited_arrhythmia,0,0,0,0,0,0,0,0
ARR_1434518,inherited_arrhythmia,0,0,0,0,0,0,0,0
ARR_1424837,inherited_arrhythmia,0,0,0,0,0,0,0,0
ARR_1422891,inherited_arrhythmia,0,0,0,0,0,0,0,0
ARR_1414553,inherited_arrhythmia,1,0,0,0,1,1,0,0
ARR_1410227,inherited_arrhythmia,0,0,0,0,0,0,0,0
ARR_1406991,inherited_arrhythmia,0,0,0,0,0,0,0,0
ARR_1398420,inherited_arrhythmia,0,0,0,0,0,0,0,0
ARR_1397577,inherited_arrhythmia,1,0,0,0,1,1,0,0
ARR_1338861,inherited_arrhythmia,0,0,0,0,0,0,0,0
ARR_1335697,inherited_arrhythmia,0,0,0,0,0,0,0,0
ARR_1334904,inherited_arrhythmia,1,0,0,0,1,1,0,0
ARR_1331098,inherited_arrhythmia,1,0,0,0,1,1,0,0
ARR_1323136,inherited_arrhythmia,0,0,0,0,0,0,0,0
ARR_1284270,inherited_arrhythmia,0,0,0,0,0,0,0,0
ARR_1219815,inherited_arrhythmia,1,0,0,0,1,1,0,0
ARR_1215035,inherited_arrhythmia,0,0,0,0,0,0,0,0
ARR_1213540,inherited_arrhythmia,0,0,0,0,0,0,0,0
ARR_1211558,inherited_arrhythmia,1,0,0,0,1,1,0,0
ARR_1202184,inherited_arrhythmia,0,0,0,0,0,0,0,0
ARR_1201653,inherited_arrhythmia,0,0,0,0,0,0,0,0
ARR_1191999,inherited_arrhythmia,0,0,0,0,0,0,0,0
ARR_1189275,inherited_arrhythmia,1,0,0,0,1,1,0,0
ARR_1178326,inherited_arrhythmia,0,0,0,0,0,0,0,0
ARR_1163877,inherited_arrhythmia,0,0,0,0,0,0,0,0
ARR_1098796,inherited_arrhythmia,0,0,0,0,0,0,0,0
ARR_1076538,inherited_arrhythmia,0,0,0,0,0,0,0,0
ARR_1076264,inherited_arrhythmia,0,0,0,0,0,0,0,0
ARR_1074304,inherited_arrhythmia,1,0,0,0,1,1,0,0
ARR_1073738,inherited_arrhythmia,0,0,0,0,0,0,0,0
ARR_1072804,inherited_arrhythmia,0,0,0,0,0,0,0,0
ARR_1072580,inherited_arrhythmia,0,0,0,0,0,0,0,0
ARR_1072040,inherited_arrhythmia,0,0,0,0,0,0,0,0
ARR_1070567,inherited_arrhythmia,0,0,0,0,0,0,0,0
ARR_1070541,inherited_arrhythmia,0,0,0,0,0,0,0,0
ARR_1070208,inherited_arrhythmia,0,0,0,0,0,0,0,0
ARR_1069329,inherited_arrhythmia,0,0,0,0,0,0,0,0
ARR_1069284,inherited_arrhythmia,0,0,0,0,0,0,0,0
ARR_1068978,inherited_arrhythmia,0,0,0,0,0,0,0,0
ARR_1066309,inherited_arrhythmia,0,0,0,0,0,0,0,0
ARR_1064627,inherited_arrhythmia,0,0,0,0,0,0,0,0
ARR_1064605,inherited_arrhythmia,0,0,0,0,0,0,0,0
ARR_1058879,inherited_arrhythmia,0,0,0,0,0,0,0,0
ARR_1001814,inherited_arrhythmia,0,0,0,0,0,0,0,0
ARR_992792,inherited_arrhythmia,1,0,0,0,1,1,0,0
ARR_983076,inherited_arrhythmia,0,0,0,0,0,0,0,0
ARR_979201,inherited_arrhythmia,0,0,0,0,0,0,0,0
ARR_977169,inherited_arrhythmia,1,0,0,0,1,1,0,0
ARR_977166,inherited_arrhythmia,0,0,0,0,0,0,0,0
ARR_972695,inherited_arrhythmia,0,0,0,0,0,0,0,0
ARR_972694,inherited_arrhythmia,0,0,0,0,0,0,0,0
ARR_968402,inherited_arrhythmia,1,0,0,0,1,1,0,0
ARR_960485,inherited_arrhythmia,0,0,0,0,0,0,0,0
ARR_958799,inherited_arrhythmia,0,0,0,0,0,0,0,0
ARR_956361,inherited_arrhythmia,0,0,0,0,0,0,0,0
ARR_955885,inherited_arrhythmia,0,0,0,0,0,0,0,0
ARR_949692,inherited_arrhythmia,0,0,0,0,0,0,0,0
ARR_947666,inherited_arrhythmia,0,0,0,0,0,0,0,0
ARR_943648,inherited_arrhythmia,0,0,0,0,0,0,0,0
ARR_943351,inherited_arrhythmia,0,0,0,0,0,0,0,0
ARR_943187,inherited_arrhythmia,0,0,0,0,0,0,0,0
ARR_941189,inherited_arrhythmia,0,0,0,0,0,0,0,0
ARR_939419,inherited_arrhythmia,0,0,0,0,0,0,0,0
ARR_937320,inherited_arrhythmia,0,0,0,0,0,0,0,0
ARR_937182,inherited_arrhythmia,0,0,0,0,0,0,0,0
ARR_936138,inherited_arrhythmia,0,0,0,0,0,0,0,0
ARR_934348,inherited_arrhythmia,0,0,0,0,0,0,0,0
ARR_928528,inherited_arrhythmia,1,0,0,0,1,1,0,0
ARR_871784,inherited_arrhythmia,0,0,0,0,0,0,0,0
ARR_869439,inherited_arrhythmia,0,0,0,0,0,0,0,0
ARR_869431,inherited_arrhythmia,0,0,0,0,0,0,0,0
ARR_863419,inherited_arrhythmia,0,0,0,0,0,0,0,0
ARR_858246,inherited_arrhythmia,0,0,0,0,0,0,0,0
ARR_853484,inherited_arrhythmia,0,0,0,0,0,0,0,0
ARR_851169,inherited_arrhythmia,1,0,0,0,1,1,0,0
ARR_850821,inherited_arrhythmia,0,0,0,0,0,0,0,0
ARR_846538,inherited_arrhythmia,0,0,0,0,0,0,0,0
ARR_835590,inherited_arrhythmia,0,0,0,0,0,0,0,0
ARR_818076,inherited_arrhythmia,0,0,0,0,0,0,0,0
ARR_817961,inherited_arrhythmia,0,0,0,0,0,0,0,0
ARR_817602,inherited_arrhythmia,0,0,0,0,0,0,0,0
ARR_811073,inherited_arrhythmia,0,0,0,0,0,0,0,0
ARR_695023,inherited_arrhythmia,0,0,0,0,0,0,0,0
ARR_692260,inherited_arrhythmia,0,0,0,0,0,0,0,0
ARR_692259,inherited_arrhythmia,0,0,0,0,0,0,0,0
ARR_692257,inherited_arrhythmia,0,0,0,0,0,0,0,0
ARR_667408,inherited_arrhythmia,0,0,0,0,0,0,0,0
ARR_663923,inherited_arrhythmia,0,0,0,0,0,0,0,0
ARR_663471,inherited_arrhythmia,0,0,0,0,0,0,0,0
ARR_660047,inherited_arrhythmia,0,0,0,0,0,0,0,0
ARR_657779,inherited_arrhythmia,0,0,0,0,0,0,0,0
ARR_652241,inherited_arrhythmia,0,0,0,0,0,0,0,0
ARR_648088,inherited_arrhythmia,0,0,0,0,0,0,0,0
ARR_645394,inherited_arrhythmia,0,0,0,0,0,0,0,0
ARR_641517,inherited_arrhythmia,0,0,0,0,0,0,0,0
ARR_640022,inherited_arrhythmia,0,0,0,0,0,0,0,0
ARR_637977,inherited_arrhythmia,1,0,0,0,1,1,0,0
ARR_632866,inherited_arrhythmia,0,0,0,0,0,0,0,0
ARR_620172,inherited_arrhythmia,1,0,0,0,1,1,0,0
ARR_620154,inherited_arrhythmia,0,0,0,0,0,0,0,0
ARR_618184,inherited_arrhythmia,0,0,0,0,0,0,0,0
ARR_598783,inherited_arrhythmia,1,0,0,0,1,1,0,0
ARR_582292,inherited_arrhythmia,0,0,0,0,0,0,0,0
ARR_581669,inherited_arrhythmia,0,0,0,0,0,0,0,0
ARR_579489,inherited_arrhythmia,0,0,0,0,0,0,0,0
ARR_572344,inherited_arrhythmia,0,0,0,0,0,0,0,0
ARR_570715,inherited_arrhythmia,0,0,0,0,0,0,0,0
ARR_570494,inherited_arrhythmia,0,0,0,0,0,0,0,0
ARR_568003,inherited_arrhythmia,0,0,0,0,0,0,0,0
ARR_565724,inherited_arrhythmia,0,0,0,0,0,0,0,0
ARR_560696,inherited_arrhythmia,0,0,0,0,0,0,0,0
ARR_545950,inherited_arrhythmia,0,0,0,0,0,0,0,0
ARR_526969,inherited_arrhythmia,0,0,0,0,0,0,0,0
ARR_526968,inherited_arrhythmia,0,0,0,0,0,0,0,0
ARR_526939,inherited_arrhythmia,0,0,0,0,0,0,0,0
ARR_526932,inherited_arrhythmia,0,0,0,0,0,0,0,0
ARR_526925,inherited_arrhythmia,0,0,0,0,0,0,0,0
ARR_526908,inherited_arrhythmia,0,0,0,0,0,0,0,0
ARR_524038,inherited_arrhythmia,0,0,0,0,0,0,0,0
ARR_523953,inherited_arrhythmia,0,0,0,0,0,0,0,0
ARR_523712,inherited_arrhythmia,1,0,0,0,1,1,0,0
ARR_523697,inherited_arrhythmia,0,0,0,0,0,0,0,0
ARR_520423,inherited_arrhythmia,0,0,0,0,0,0,0,0
ARR_519551,inherited_arrhythmia,0,0,0,0,0,0,0,0
ARR_519524,inherited_arrhythmia,1,0,0,0,1,1,0,0
ARR_519509,inherited_arrhythmia,1,0,0,0,1,1,0,0
ARR_519501,inherited_arrhythmia,0,0,0,0,0,0,0,0
ARR_519473,inherited_arrhythmia,0,0,0,0,0,0,0,0
ARR_519399,inherited_arrhythmia,0,0,0,0,0,0,0,0
ARR_519378,inherited_arrhythmia,1,0,0,0,1,1,0,0
ARR_519348,inherited_arrhythmia,0,0,0,0,0,0,0,0
ARR_519330,inherited_arrhythmia,0,0,0,0,0,0,0,0
ARR_519329,inherited_arrhythmia,0,0,0,0,0,0,0,0
ARR_519327,inherited_arrhythmia,0,0,0,0,0,0,0,0
ARR_519255,inherited_arrhythmia,0,0,0,0,0,0,0,0
ARR_519237,inherited_arrhythmia,0,0,0,0,0,0,0,0
ARR_519234,inherited_arrhythmia,1,0,0,0,1,1,0,0
ARR_519217,inherited_arrhythmia,0,0,0,0,0,0,0,0
ARR_519204,inherited_arrhythmia,1,0,0,0,1,1,0,0
ARR_503778,inherited_arrhythmia,0,0,0,0,0,0,0,0
ARR_503735,inherited_arrhythmia,0,0,0,0,0,0,0,0
ARR_503674,inherited_arrhythmia,0,0,0,0,0,0,0,0
ARR_503672,inherited_arrhythmia,0,0,0,0,0,0,0,0
ARR_503659,inherited_arrhythmia,1,0,0,0,1,1,0,0
ARR_495746,inherited_arrhythmia,0,0,0,0,0,0,0,0
ARR_489342,inherited_arrhythmia,0,0,0,0,0,0,0,0
ARR_488895,inherited_arrhythmia,0,0,0,0,0,0,0,0
ARR_488692,inherited_arrhythmia,0,0,0,0,0,0,0,0
ARR_456935,inherited_arrhythmia,0,0,0,0,0,0,0,0
ARR_456921,inherited_arrhythmia,0,0,0,0,0,0,0,0
ARR_456919,inherited_arrhythmia,0,0,0,0,0,0,0,0
ARR_456918,inherited_arrhythmia,0,0,0,0,0,0,0,0
ARR_456904,inherited_arrhythmia,0,0,0,0,0,0,0,0
ARR_456903,inherited_arrhythmia,0,0,0,0,0,0,0,0
ARR_456902,inherited_arrhythmia,0,0,0,0,0,0,0,0
ARR_456901,inherited_arrhythmia,0,0,0,0,0,0,0,0
ARR_456886,inherited_arrhythmia,0,0,0,0,0,0,0,0
ARR_456876,inherited_arrhythmia,0,0,0,0,0,0,0,0
ARR_446417,inherited_arrhythmia,0,0,0,0,0,0,0,0
ARR_439845,inherited_arrhythmia,1,0,0,0,1,1,0,0
ARR_431374,inherited_arrhythmia,0,0,0,0,0,0,0,0
ARR_431036,inherited_arrhythmia,0,0,0,0,0,0,0,0
ARR_430730,inherited_arrhythmia,0,0,0,0,0,0,0,0
ARR_427945,inherited_arrhythmia,0,0,0,0,0,0,0,0
ARR_427944,inherited_arrhythmia,0,0,0,0,0,0,0,0
ARR_427076,inherited_arrhythmia,0,0,0,0,0,0,0,0
ARR_426429,inherited_arrhythmia,1,0,0,0,1,1,0,0
ARR_423753,inherited_arrhythmia,0,0,0,0,0,0,0,0
ARR_423696,inherited_arrhythmia,0,0,0,0,0,0,0,0
ARR_423015,inherited_arrhythmia,0,0,0,0,0,0,0,0
ARR_421672,inherited_arrhythmia,0,0,0,0,0,0,0,0
ARR_420923,inherited_arrhythmia,1,0,0,0,1,1,0,0
ARR_420585,inherited_arrhythmia,0,0,0,0,0,0,0,0
ARR_420260,inherited_arrhythmia,0,0,0,0,0,0,0,0
ARR_419410,inherited_arrhythmia,0,0,0,0,0,0,0,0
ARR_419379,inherited_arrhythmia,0,0,0,0,0,0,0,0
ARR_419311,inherited_arrhythmia,0,0,0,0,0,0,0,0
ARR_418919,inherited_arrhythmia,0,0,0,0,0,0,0,0
ARR_418815,inherited_arrhythmia,0,0,0,0,0,0,0,0
ARR_418787,inherited_arrhythmia,1,0,0,0,1,1,0,0
ARR_418670,inherited_arrhythmia,0,0,0,0,0,0,0,0
ARR_418597,inherited_arrhythmia,0,0,0,0,0,0,0,0
ARR_405358,inherited_arrhythmia,0,0,0,0,0,0,0,0
ARR_405355,inherited_arrhythmia,1,0,0,0,1,1,0,0
ARR_405345,inherited_arrhythmia,0,0,0,0,0,0,0,0
ARR_405342,inherited_arrhythmia,0,0,0,0,0,0,0,0
ARR_392690,inherited_arrhythmia,0,0,0,0,0,0,0,0
ARR_392341,inherited_arrhythmia,0,0,0,0,0,0,0,0
ARR_391858,inherited_arrhythmia,0,0,0,0,0,0,0,0
ARR_387850,inherited_arrhythmia,0,0,0,0,0,0,0,0
ARR_379451,inherited_arrhythmia,0,0,0,0,0,0,0,0
ARR_379293,inherited_arrhythmia,0,0,0,0,0,0,0,0
ARR_372942,inherited_arrhythmia,0,0,0,0,0,0,0,0
ARR_372589,inherited_arrhythmia,0,0,0,0,0,0,0,0
ARR_372571,inherited_arrhythmia,1,0,0,0,1,1,0,0
ARR_372378,inherited_arrhythmia,1,0,0,0,1,1,0,0
ARR_372377,inherited_arrhythmia,1,0,0,0,1,1,0,0
ARR_1803812,inherited_arrhythmia,0,0,0,0,0,0,0,0
ARR_1798592,inherited_arrhythmia,0,0,0,0,0,0,0,0
ARR_1795999,inherited_arrhythmia,0,0,0,0,0,0,0,0
ARR_1792542,inherited_arrhythmia,0,0,0,0,0,0,0,0
ARR_1788496,inherited_arrhythmia,1,0,0,0,1,1,0,0
ARR_1777850,inherited_arrhythmia,0,0,0,0,0,0,0,0
ARR_1773144,inherited_arrhythmia,0,0,0,0,0,0,0,0
ARR_1767167,inherited_arrhythmia,1,0,0,0,1,1,0,0
ARR_1755450,inherited_arrhythmia,0,0,0,0,0,0,0,0
ARR_1737836,inherited_arrhythmia,1,0,0,0,1,1,0,0
ARR_1733997,inherited_arrhythmia,1,0,0,0,1,1,0,0
ARR_1730458,inherited_arrhythmia,0,0,0,0,0,0,0,0
ARR_1729777,inherited_arrhythmia,0,0,0,0,0,0,0,0
ARR_1691761,inherited_arrhythmia,1,0,0,0,1,1,0,0
ARR_1691220,inherited_arrhythmia,0,0,0,0,0,0,0,0
ARR_1678156,inherited_arrhythmia,0,0,0,0,0,0,0,0
ARR_1678123,inherited_arrhythmia,0,0,0,0,0,0,0,0
ARR_1527869,inherited_arrhythmia,0,0,0,0,0,0,0,0
ARR_1521971,inherited_arrhythmia,1,0,0,0,1,1,0,0
ARR_1510225,inherited_arrhythmia,1,0,0,0,1,1,0,0
ARR_1502792,inherited_arrhythmia,1,0,0,0,1,1,0,0
ARR_1502060,inherited_arrhythmia,1,0,0,0,1,1,0,0
ARR_1460043,inherited_arrhythmia,1,0,0,0,1,1,0,0
ARR_1458577,inherited_arrhythmia,1,0,0,0,1,1,0,0
ARR_1458575,inherited_arrhythmia,1,0,0,0,1,1,0,0
ARR_1455926,inherited_arrhythmia,1,0,0,0,1,1,0,0
ARR_1455755,inherited_arrhythmia,1,0,0,0,1,1,0,0
ARR_1455694,inherited_arrhythmia,1,0,0,0,1,1,0,0
ARR_1454071,inherited_arrhythmia,1,0,0,0,1,1,0,0
ARR_1452285,inherited_arrhythmia,1,0,0,0,1,1,0,0
ARR_1451878,inherited_arrhythmia,1,0,0,0,1,1,0,0
ARR_1449654,inherited_arrhythmia,1,0,0,0,1,1,0,0
ARR_1434817,inherited_arrhythmia,1,0,0,0,1,1,0,0
ARR_1408176,inherited_arrhythmia,1,0,0,0,1,1,0,0
ARR_1406093,inherited_arrhythmia,1,0,0,0,1,1,0,0
ARR_1392890,inherited_arrhythmia,1,0,0,0,1,1,0,0
ARR_1386100,inherited_arrhythmia,1,0,0,0,1,1,0,0
ARR_1374462,inherited_arrhythmia,1,0,0,0,1,1,0,0
ARR_1361908,inherited_arrhythmia,1,0,0,0,1,1,0,0
ARR_1348900,inherited_arrhythmia,1,0,0,0,1,1,0,0
ARR_1345786,inherited_arrhythmia,1,0,0,0,1,1,0,0
ARR_1326912,inherited_arrhythmia,1,0,0,0,1,1,0,0
ARR_1326908,inherited_arrhythmia,1,0,0,0,1,1,0,0
ARR_1326907,inherited_arrhythmia,0,0,0,0,0,0,0,0
ARR_1299249,inherited_arrhythmia,0,0,0,0,0,0,0,0
ARR_1285130,inherited_arrhythmia,0,0,0,0,0,0,0,0
ARR_1188516,inherited_arrhythmia,1,0,0,0,1,1,0,0
ARR_1187556,inherited_arrhythmia,0,0,0,0,0,0,0,0
ARR_1185878,inherited_arrhythmia,1,0,0,0,1,1,0,0
ARR_1184975,inherited_arrhythmia,0,0,0,0,0,0,0,0
ARR_1076640,inherited_arrhythmia,1,0,0,0,1,1,0,0
ARR_1076635,inherited_arrhythmia,1,0,0,0,1,1,0,0
ARR_1076515,inherited_arrhythmia,1,0,0,0,1,1,0,0
ARR_1076513,inherited_arrhythmia,1,0,0,0,1,1,0,0
ARR_1075437,inherited_arrhythmia,1,0,0,0,1,1,0,0
ARR_1073809,inherited_arrhythmia,1,0,0,0,1,1,0,0
ARR_1073629,inherited_arrhythmia,1,0,0,0,1,1,0,0
ARR_1072446,inherited_arrhythmia,1,0,0,0,1,1,0,0
ARR_1071777,inherited_arrhythmia,1,0,0,0,1,1,0,0
ARR_1069115,inherited_arrhythmia,1,0,0,0,1,1,0,0
ARR_1068181,inherited_arrhythmia,1,0,0,0,1,1,0,0
ARR_1067586,inherited_arrhythmia,1,0,0,0,1,1,0,0
ARR_1066010,inherited_arrhythmia,1,0,0,0,1,1,0,0
ARR_1012143,inherited_arrhythmia,1,0,0,0,1,1,0,0
ARR_988404,inherited_arrhythmia,0,0,0,0,0,0,0,0
ARR_987436,inherited_arrhythmia,0,0,0,0,0,0,0,0
ARR_984516,inherited_arrhythmia,0,0,0,0,0,0,0,0
ARR_984492,inherited_arrhythmia,0,0,0,0,0,0,0,0
ARR_979203,inherited_arrhythmia,0,0,0,0,0,0,0,0
ARR_979075,inherited_arrhythmia,0,0,0,0,0,0,0,0
ARR_978725,inherited_arrhythmia,0,0,0,0,0,0,0,0
ARR_972696,inherited_arrhythmia,0,0,0,0,0,0,0,0
ARR_972691,inherited_arrhythmia,0,0,0,0,0,0,0,0
ARR_970218,inherited_arrhythmia,1,0,0,0,1,1,0,0
ARR_961103,inherited_arrhythmia,0,0,0,0,0,0,0,0
ARR_956404,inherited_arrhythmia,1,0,0,0,1,1,0,0
ARR_952177,inherited_arrhythmia,1,0,0,0,1,1,0,0
ARR_944678,inherited_arrhythmia,1,0,0,0,1,1,0,0
ARR_942054,inherited_arrhythmia,1,0,0,0,1,1,0,0
ARR_940929,inherited_arrhythmia,1,0,0,0,1,1,0,0
ARR_937538,inherited_arrhythmia,1,0,0,0,1,1,0,0
ARR_936474,inherited_arrhythmia,1,0,0,0,1,1,0,0
ARR_928434,inherited_arrhythmia,1,0,0,0,1,1,0,0
ARR_927104,inherited_arrhythmia,0,0,0,0,0,0,0,0
ARR_927012,inherited_arrhythmia,1,0,0,0,1,1,0,0
ARR_917995,inherited_arrhythmia,0,0,0,0,0,0,0,0
ARR_863801,inherited_arrhythmia,0,0,0,0,0,0,0,0
ARR_858385,inherited_arrhythmia,1,0,0,0,1,1,0,0
ARR_856890,inherited_arrhythmia,1,0,0,0,1,1,0,0
ARR_853346,inherited_arrhythmia,1,0,0,0,1,1,0,0
ARR_851951,inherited_arrhythmia,1,0,0,0,1,1,0,0
ARR_851217,inherited_arrhythmia,1,0,0,0,1,1,0,0
ARR_850294,inherited_arrhythmia,1,0,0,0,1,1,0,0
ARR_848941,inherited_arrhythmia,1,0,0,0,1,1,0,0
ARR_848007,inherited_arrhythmia,0,0,0,0,0,0,0,0
ARR_847226,inherited_arrhythmia,1,0,0,0,1,1,0,0
ARR_845474,inherited_arrhythmia,1,0,0,0,1,1,0,0
ARR_844438,inherited_arrhythmia,1,0,0,0,1,1,0,0
ARR_830371,inherited_arrhythmia,0,0,0,0,0,0,0,0
ARR_817608,inherited_arrhythmia,0,0,0,0,0,0,0,0
ARR_811838,inherited_arrhythmia,1,0,0,0,1,1,0,0
ARR_801959,inherited_arrhythmia,0,0,0,0,0,0,0,0
ARR_691966,inherited_arrhythmia,1,0,0,0,1,1,0,0
ARR_691705,inherited_arrhythmia,0,0,0,0,0,0,0,0
ARR_689494,inherited_arrhythmia,0,0,0,0,0,0,0,0
ARR_667016,inherited_arrhythmia,0,0,0,0,0,0,0,0
ARR_660776,inherited_arrhythmia,1,0,0,0,1,1,0,0
ARR_654856,inherited_arrhythmia,1,0,0,0,1,1,0,0
ARR_641344,inherited_arrhythmia,1,0,0,0,1,1,0,0
ARR_637991,inherited_arrhythmia,0,0,0,0,0,0,0,0
ARR_637989,inherited_arrhythmia,0,0,0,0,0,0,0,0
ARR_633410,inherited_arrhythmia,0,0,0,0,0,0,0,0
ARR_632980,inherited_arrhythmia,1,0,0,0,1,1,0,0
ARR_598785,inherited_arrhythmia,0,0,0,0,0,0,0,0
ARR_598784,inherited_arrhythmia,0,0,0,0,0,0,0,0
ARR_583354,inherited_arrhythmia,1,0,0,0,1,1,0,0
ARR_582177,inherited_arrhythmia,1,0,0,0,1,1,0,0
ARR_581866,inherited_arrhythmia,1,0,0,0,1,1,0,0
ARR_579734,inherited_arrhythmia,1,0,0,0,1,1,0,0
ARR_572957,inherited_arrhythmia,1,0,0,0,1,1,0,0
ARR_572252,inherited_arrhythmia,1,0,0,0,1,1,0,0
ARR_572011,inherited_arrhythmia,1,0,0,0,1,1,0,0
ARR_571408,inherited_arrhythmia,1,0,0,0,1,1,0,0
ARR_560692,inherited_arrhythmia,0,0,0,0,0,0,0,0
ARR_523568,inherited_arrhythmia,0,0,0,0,0,0,0,0
ARR_520461,inherited_arrhythmia,1,0,0,0,1,1,0,0
ARR_519554,inherited_arrhythmia,1,0,0,0,1,1,0,0
ARR_519464,inherited_arrhythmia,1,0,0,0,1,1,0,0
ARR_519460,inherited_arrhythmia,0,0,0,0,0,0,0,0
ARR_519429,inherited_arrhythmia,1,0,0,0,1,1,0,0
ARR_519384,inherited_arrhythmia,1,0,0,0,1,1,0,0
ARR_505895,inherited_arrhythmia,0,0,0,0,0,0,0,0
ARR_505834,inherited_arrhythmia,1,0,0,0,1,1,0,0
ARR_496573,inherited_arrhythmia,1,0,0,0,1,1,0,0
ARR_463332,inherited_arrhythmia,1,0,0,0,1,1,0,0
ARR_463318,inherited_arrhythmia,1,0,0,0,1,1,0,0
ARR_463308,inherited_arrhythmia,1,0,0,0,1,1,0,0
ARR_463292,inherited_arrhythmia,1,0,0,0,1,1,0,0
ARR_452184,inherited_arrhythmia,1,0,0,0,1,1,0,0
ARR_448976,inherited_arrhythmia,0,0,0,0,0,0,0,0
ARR_446418,inherited_arrhythmia,0,0,0,0,0,0,0,0
ARR_432733,inherited_arrhythmia,1,0,0,0,1,1,0,0
ARR_432148,inherited_arrhythmia,0,0,0,0,0,0,0,0
ARR_431948,inherited_arrhythmia,0,0,0,0,0,0,0,0
ARR_429979,inherited_arrhythmia,1,0,0,0,1,1,0,0
ARR_426612,inherited_arrhythmia,0,0,0,0,0,0,0,0
ARR_426254,inherited_arrhythmia,0,0,0,0,0,0,0,0
ARR_423108,inherited_arrhythmia,1,0,0,0,1,1,0,0
ARR_422443,inherited_arrhythmia,1,0,0,0,1,1,0,0
ARR_421358,inherited_arrhythmia,1,0,0,0,1,1,0,0
ARR_420342,inherited_arrhythmia,1,0,0,0,1,1,0,0
ARR_419109,inherited_arrhythmia,0,0,0,0,0,0,0,0
ARR_406440,inherited_arrhythmia,1,0,0,0,1,1,0,0
ARR_406435,inherited_arrhythmia,1,0,0,0,1,1,0,0
ARR_406434,inherited_arrhythmia,1,0,0,0,1,1,0,0
ARR_406427,inherited_arrhythmia,1,0,0,0,1,1,0,0
ARR_406426,inherited_arrhythmia,1,0,0,0,1,1,0,0
ARR_406419,inherited_arrhythmia,1,0,0,0,1,1,0,0
ARR_406418,inherited_arrhythmia,1,0,0,0,1,1,0,0
ARR_406415,inherited_arrhythmia,1,0,0,0,1,1,0,0
ARR_406396,inherited_arrhythmia,1,0,0,0,1,1,0,0
ARR_403732,inherited_arrhythmia,1,0,0,0,1,1,0,0
ARR_392337,inherited_arrhythmia,1,0,0,0,1,1,0,0
ARR_389150,inherited_arrhythmia,0,0,0,0,0,0,0,0
ARR_374130,inherited_arrhythmia,0,0,0,0,0,0,0,0
ARR_1415503,inherited_arrhythmia,0,0,0,0,0,0,0,0
ARR_1343372,inherited_arrhythmia,1,0,0,0,1,1,0,0
ARR_1065921,inherited_arrhythmia,1,0,0,0,1,1,0,0
ARR_812588,inherited_arrhythmia,0,0,0,0,0,0,0,0
ARR_620398,inherited_arrhythmia,1,0,0,0,1,1,0,0
ARR_527017,inherited_arrhythmia,0,0,0,0,0,0,0,0
ARR_441101,inherited_arrhythmia,1,0,0,0,1,1,0,0
ARR_1805497,inherited_arrhythmia,0,0,0,0,0,0,0,0
ARR_1805396,inherited_arrhythmia,0,0,0,0,0,0,0,0
ARR_1773663,inherited_arrhythmia,0,0,0,0,0,0,0,0
ARR_1745086,inherited_arrhythmia,0,0,0,0,0,0,0,0
ARR_1710227,inherited_arrhythmia,0,0,0,0,0,0,0,0
ARR_1693182,inherited_arrhythmia,0,0,0,0,0,0,0,0
ARR_1527876,inherited_arrhythmia,0,0,0,0,0,0,0,0
ARR_1527868,inherited_arrhythmia,0,0,0,0,0,0,0,0
ARR_1524904,inherited_arrhythmia,1,0,0,0,1,1,0,0
ARR_1499030,inherited_arrhythmia,1,0,0,0,1,1,0,0
ARR_1496297,inherited_arrhythmia,1,0,0,0,1,1,0,0
ARR_1480185,inherited_arrhythmia,1,0,0,0,1,1,0,0
ARR_1479669,inherited_arrhythmia,1,0,0,0,1,1,0,0
ARR_1474443,inherited_arrhythmia,1,0,0,0,1,1,0,0
ARR_1472640,inherited_arrhythmia,1,0,0,0,1,1,0,0
ARR_1467901,inherited_arrhythmia,1,0,0,0,1,1,0,0
ARR_1451617,inherited_arrhythmia,1,0,0,0,1,1,0,0
ARR_1441921,inherited_arrhythmia,1,0,0,0,1,1,0,0
ARR_1441891,inherited_arrhythmia,1,0,0,0,1,1,0,0
ARR_1410932,inherited_arrhythmia,1,0,0,0,1,1,0,0
ARR_1384586,inherited_arrhythmia,1,0,0,0,1,1,0,0
ARR_1383749,inherited_arrhythmia,1,0,0,0,1,1,0,0
ARR_1363823,inherited_arrhythmia,1,0,0,0,1,1,0,0
ARR_1346560,inherited_arrhythmia,1,0,0,0,1,1,0,0
ARR_1342890,inherited_arrhythmia,0,0,0,0,0,0,0,0
ARR_1330215,inherited_arrhythmia,0,0,0,0,0,0,0,0
ARR_1213111,inherited_arrhythmia,0,0,0,0,0,0,0,0
ARR_1119951,inherited_arrhythmia,1,0,0,0,1,1,0,0
ARR_1119950,inherited_arrhythmia,0,0,0,0,0,0,0,0
ARR_1072928,inherited_arrhythmia,1,0,0,0,1,1,0,0
ARR_1072597,inherited_arrhythmia,1,0,0,0,1,1,0,0
ARR_1070571,inherited_arrhythmia,1,0,0,0,1,1,0,0
ARR_1069130,inherited_arrhythmia,1,0,0,0,1,1,0,0
ARR_1067931,inherited_arrhythmia,1,0,0,0,1,1,0,0
ARR_1067138,inherited_arrhythmia,1,0,0,0,1,1,0,0
ARR_1066599,inherited_arrhythmia,1,0,0,0,1,1,0,0
ARR_1051501,inherited_arrhythmia,1,0,0,0,1,1,0,0
ARR_1013805,inherited_arrhythmia,1,0,0,0,1,1,0,0
ARR_1007679,inherited_arrhythmia,1,0,0,0,1,1,0,0
ARR_982634,inherited_arrhythmia,0,0,0,0,0,0,0,0
ARR_979205,inherited_arrhythmia,0,0,0,0,0,0,0,0
ARR_979204,inherited_arrhythmia,0,0,0,0,0,0,0,0
ARR_978366,inherited_arrhythmia,0,0,0,0,0,0,0,0
ARR_957942,inherited_arrhythmia,1,0,0,0,1,1,0,0
ARR_954202,inherited_arrhythmia,1,0,0,0,1,1,0,0
ARR_947851,inherited_arrhythmia,1,0,0,0,1,1,0,0
ARR_947702,inherited_arrhythmia,1,0,0,0,1,1,0,0
ARR_940323,inherited_arrhythmia,1,0,0,0,1,1,0,0
ARR_933804,inherited_arrhythmia,1,0,0,0,1,1,0,0
ARR_931781,inherited_arrhythmia,0,0,0,0,0,0,0,0
ARR_915531,inherited_arrhythmia,0,0,0,0,0,0,0,0
ARR_870975,inherited_arrhythmia,0,0,0,0,0,0,0,0
ARR_869428,inherited_arrhythmia,0,0,0,0,0,0,0,0
ARR_861770,inherited_arrhythmia,1,0,0,0,1,1,0,0
ARR_840374,inherited_arrhythmia,1,0,0,0,1,1,0,0
ARR_692253,inherited_arrhythmia,0,0,0,0,0,0,0,0
ARR_665174,inherited_arrhythmia,1,0,0,0,1,1,0,0
ARR_656745,inherited_arrhythmia,1,0,0,0,1,1,0,0
ARR_654791,inherited_arrhythmia,1,0,0,0,1,1,0,0
ARR_654125,inherited_arrhythmia,1,0,0,0,1,1,0,0
ARR_651491,inherited_arrhythmia,1,0,0,0,1,1,0,0
ARR_649923,inherited_arrhythmia,1,0,0,0,1,1,0,0
ARR_644207,inherited_arrhythmia,1,0,0,0,1,1,0,0
ARR_637985,inherited_arrhythmia,0,0,0,0,0,0,0,0
ARR_580536,inherited_arrhythmia,1,0,0,0,1,1,0,0
ARR_578246,inherited_arrhythmia,1,0,0,0,1,1,0,0
ARR_575682,inherited_arrhythmia,1,0,0,0,1,1,0,0
ARR_575059,inherited_arrhythmia,1,0,0,0,1,1,0,0
ARR_571532,inherited_arrhythmia,1,0,0,0,1,1,0,0
ARR_570194,inherited_arrhythmia,1,0,0,0,1,1,0,0
ARR_568135,inherited_arrhythmia,1,0,0,0,1,1,0,0
ARR_566084,inherited_arrhythmia,1,0,0,0,1,1,0,0
ARR_560709,inherited_arrhythmia,0,0,0,0,0,0,0,0
ARR_532366,inherited_arrhythmia,1,0,0,0,1,1,0,0
ARR_532324,inherited_arrhythmia,1,0,0,0,1,1,0,0
ARR_520467,inherited_arrhythmia,1,0,0,0,1,1,0,0
ARR_519356,inherited_arrhythmia,0,0,0,0,0,0,0,0
ARR_463624,inherited_arrhythmia,1,0,0,0,1,1,0,0
ARR_463608,inherited_arrhythmia,1,0,0,0,1,1,0,0
ARR_463605,inherited_arrhythmia,0,0,0,0,0,0,0,0
ARR_463579,inherited_arrhythmia,1,0,0,0,1,1,0,0
ARR_463577,inherited_arrhythmia,1,0,0,0,1,1,0,0
ARR_463549,inherited_arrhythmia,1,0,0,0,1,1,0,0
ARR_452065,inherited_arrhythmia,0,0,0,0,0,0,0,0
ARR_450836,inherited_arrhythmia,0,0,0,0,0,0,0,0
ARR_449306,inherited_arrhythmia,0,0,0,0,0,0,0,0
ARR_427948,inherited_arrhythmia,0,0,0,0,0,0,0,0
ARR_427184,inherited_arrhythmia,0,0,0,0,0,0,0,0
ARR_427164,inherited_arrhythmia,1,0,0,0,1,1,0,0
ARR_423597,inherited_arrhythmia,1,0,0,0,1,1,0,0
ARR_420865,inherited_arrhythmia,0,0,0,0,0,0,0,0
ARR_418465,inherited_arrhythmia,0,0,0,0,0,0,0,0
ARR_404218,inherited_arrhythmia,1,0,0,0,1,1,0,0
ARR_404208,inherited_arrhythmia,1,0,0,0,1,1,0,0
ARR_372588,inherited_arrhythmia,0,0,0,0,0,0,0,0
ARR_372582,inherited_arrhythmia,0,0,0,0,0,0,0,0
ARR_1793918,inherited_arrhythmia,1,0,0,0,1,1,0,0
ARR_1324014,inherited_arrhythmia,0,0,0,0,0,0,0,0
ARR_452250,inherited_arrhythmia,1,0,0,0,1,1,0,0
ARR_1798674,inherited_arrhythmia,1,0,0,0,1,1,0,0
ARR_1797791,inherited_arrhythmia,0,0,0,0,0,0,0,0
ARR_1746830,inherited_arrhythmia,1,0,0,0,1,1,0,0
ARR_1708485,inherited_arrhythmia,0,0,0,0,0,0,0,0
ARR_1458047,inherited_arrhythmia,1,0,0,0,1,1,0,0
ARR_463677,inherited_arrhythmia,1,0,0,0,1,1,0,0
ARR_408740,inherited_arrhythmia,1,0,0,0,1,1,0,0
ARR_408737,inherited_arrhythmia,1,0,0,0,1,1,0,0
ARR_1362982,inherited_arrhythmia,0,0,0,0,0,0,0,0
ARR_974613,inherited_arrhythmia,0,0,0,0,0,0,0,0
ARR_974612,inherited_arrhythmia,0,0,0,0,0,0,0,0
ARR_961658,inherited_arrhythmia,0,0,0,0,0,0,0,0
ARR_948239,inherited_arrhythmia,0,0,0,0,0,0,0,0
ARR_639902,inherited_arrhythmia,0,0,0,0,0,0,0,0
ARR_542137,inherited_arrhythmia,0,0,0,0,0,0,0,0
ARR_426161,inherited_arrhythmia,1,0,0,0,1,1,0,0
ARR_418107,inherited_arrhythmia,0,0,0,0,0,0,0,0
ARR_388500,inherited_arrhythmia,0,0,0,0,0,0,0,0
ARR_384090,inherited_arrhythmia,0,0,0,0,0,0,0,0
ARR_1456260,inherited_arrhythmia,0,0,0,0,0,0,0,0
ARR_1398892,inherited_arrhythmia,0,0,0,0,0,0,0,0
ARR_1327459,inherited_arrhythmia,0,0,0,0,0,0,0,0
ARR_1067140,inherited_arrhythmia,0,0,0,0,0,0,0,0
ARR_955533,inherited_arrhythmia,0,0,0,0,0,0,0,0
ARR_812710,inherited_arrhythmia,0,0,0,0,0,0,0,0
ARR_641544,inherited_arrhythmia,1,0,0,0,1,1,0,0
ARR_576319,inherited_arrhythmia,0,0,0,0,0,0,0,0
ARR_488476,inherited_arrhythmia,0,0,0,0,0,0,0,0
ARR_448971,inherited_arrhythmia,0,0,0,0,0,0,0,0
ARR_1358003,inherited_arrhythmia,0,0,0,0,0,0,0,0
ARR_812678,inherited_arrhythmia,0,0,0,0,0,0,0,0
ARR_812676,inherited_arrhythmia,0,0,0,0,0,0,0,0
ARR_458198,inherited_arrhythmia,0,0,0,0,0,0,0,0
ARR_409871,inherited_arrhythmia,0,0,0,0,0,0,0,0
ARR_409870,inherited_arrhythmia,1,0,0,0,1,1,0,0
ARR_389576,inherited_arrhythmia,0,0,0,0,0,0,0,0
ARR_1729746,inherited_arrhythmia,0,0,0,0,0,0,0,0
ARR_1695772,inherited_arrhythmia,0,0,0,0,0,0,0,0
ARR_1678114,inherited_arrhythmia,0,0,0,0,0,0,0,0
ARR_1678112,inherited_arrhythmia,0,0,0,0,0,0,0,0
ARR_1483377,inherited_arrhythmia,0,0,0,0,0,0,0,0
ARR_1334346,inherited_arrhythmia,0,0,0,0,0,0,0,0
ARR_1317290,inherited_arrhythmia,0,0,0,0,0,0,0,0
ARR_985758,inherited_arrhythmia,1,0,0,0,1,1,0,0
ARR_985336,inherited_arrhythmia,0,0,0,0,0,0,0,0
ARR_985206,inherited_arrhythmia,0,0,0,0,0,0,0,0
ARR_954568,inherited_arrhythmia,0,0,0,0,0,0,0,0
ARR_818077,inherited_arrhythmia,0,0,0,0,0,0,0,0
ARR_1739158,inherited_arrhythmia,0,0,0,0,0,0,0,0
ARR_1496231,inherited_arrhythmia,0,0,0,0,0,0,0,0
ARR_995608,inherited_arrhythmia,0,0,0,0,0,0,0,0
ARR_981438,inherited_arrhythmia,0,0,0,0,0,0,0,0
ARR_960380,inherited_arrhythmia,0,0,0,0,0,0,0,0
ARR_946743,inherited_arrhythmia,0,0,0,0,0,0,0,0
ARR_858285,inherited_arrhythmia,0,0,0,0,0,0,0,0
ARR_801410,inherited_arrhythmia,0,0,0,0,0,0,0,0
ARR_689769,inherited_arrhythmia,0,0,0,0,0,0,0,0
ARR_652820,inherited_arrhythmia,0,0,0,0,0,0,0,0
ARR_569363,inherited_arrhythmia,0,0,0,0,0,0,0,0
ARR_546134,inherited_arrhythmia,0,0,0,0,0,0,0,0
ARR_523694,inherited_arrhythmia,1,0,0,0,1,1,0,0
ARR_430545,inherited_arrhythmia,0,0,0,0,0,0,0,0
ARR_429589,inherited_arrhythmia,1,0,0,0,1,1,0,0
ARR_1697968,inherited_arrhythmia,0,0,0,0,0,0,0,0
ARR_1675065,inherited_arrhythmia,0,0,0,0,0,0,0,0
ARR_1359536,inherited_arrhythmia,1,0,0,0,1,1,0,0
ARR_666148,inherited_arrhythmia,0,0,0,0,0,0,0,0
ARR_470654,inherited_arrhythmia,0,0,0,0,0,0,0,0
ARR_374861,inherited_arrhythmia,0,0,0,0,0,0,0,0
ARR_374860,inherited_arrhythmia,1,0,0,0,1,1,0,0
ARR_374859,inherited_arrhythmia,0,0,0,0,0,0,0,0
ARR_374858,inherited_arrhythmia,0,0,0,0,0,0,0,0
ARR_1803055,inherited_arrhythmia,0,0,0,0,0,0,0,0
ARR_1744618,inherited_arrhythmia,0,0,0,0,0,0,0,0
ARR_1712194,inherited_arrhythmia,0,0,0,0,0,0,0,0
ARR_1705745,inherited_arrhythmia,0,0,0,0,0,0,0,0
ARR_1705744,inherited_arrhythmia,0,0,0,0,0,0,0,0
ARR_1700075,inherited_arrhythmia,1,0,0,0,1,1,0,0
ARR_1699326,inherited_arrhythmia,1,0,0,0,1,1,0,0
ARR_1699036,inherited_arrhythmia,1,0,0,0,1,1,0,0
ARR_1695801,inherited_arrhythmia,0,0,0,0,0,0,0,0
ARR_1685597,inherited_arrhythmia,0,0,0,0,0,0,0,0
ARR_1685596,inherited_arrhythmia,1,0,0,0,1,1,0,0
ARR_1344837,inherited_arrhythmia,0,0,0,0,0,0,0,0
ARR_1325838,inherited_arrhythmia,0,0,0,0,0,0,0,0
ARR_1313855,inherited_arrhythmia,0,0,0,0,0,0,0,0
ARR_1309258,inherited_arrhythmia,1,0,0,0,1,1,0,0
ARR_1303511,inherited_arrhythmia,0,0,0,0,0,0,0,0
ARR_1302971,inherited_arrhythmia,0,0,0,0,0,0,0,0
ARR_1302480,inherited_arrhythmia,0,0,0,0,0,0,0,0
ARR_1214422,inherited_arrhythmia,1,0,0,0,1,1,0,0
ARR_1164022,inherited_arrhythmia,0,0,0,0,0,0,0,0
ARR_981247,inherited_arrhythmia,0,0,0,0,0,0,0,0
ARR_978295,inherited_arrhythmia,0,0,0,0,0,0,0,0
ARR_978276,inherited_arrhythmia,0,0,0,0,0,0,0,0
ARR_973262,inherited_arrhythmia,1,0,0,0,1,1,0,0
ARR_802809,inherited_arrhythmia,0,0,0,0,0,0,0,0
ARR_633648,inherited_arrhythmia,0,0,0,0,0,0,0,0
ARR_633647,inherited_arrhythmia,0,0,0,0,0,0,0,0
ARR_522828,inherited_arrhythmia,1,0,0,0,1,1,0,0
ARR_521136,inherited_arrhythmia,1,0,0,0,1,1,0,0
ARR_450908,inherited_arrhythmia,0,0,0,0,0,0,0,0
ARR_450063,inherited_arrhythmia,0,0,0,0,0,0,0,0
ARR_432248,inherited_arrhythmia,0,0,0,0,0,0,0,0
ARR_1802181,inherited_arrhythmia,0,0,0,0,0,0,0,0
ARR_1802179,inherited_arrhythmia,0,0,0,0,0,0,0,0
